"Yayınlandığı Tarih","Yayınlandığı Gün","Geçerli Olduğu Tarih","Geçerli Olduğu Gün","Kur","Döviz Alış","Döviz Satış"
16.04.2018,Pazartesi,17.04.2018,Sali,USD,4.0960,4.1034
17.04.2018,Sali,18.04.2018,Carsamba,USD,4.0980,4.1054
18.04.2018,Carsamba,19.04.2018,Persembe,USD,4.0964,4.1038
19.04.2018,Persembe,20.04.2018,Cuma,USD,4.0273,4.0345
20.04.2018,Cuma,21.04.2018,Cumartesi,USD,4.0332,4.0405
20.04.2018,Cuma,22.04.2018,Pazar,USD,4.0332,4.0405
20.04.2018,Cuma,23.04.2018,Pazartesi,USD,4.0332,4.0405
20.04.2018,Cuma,24.04.2018,Sali,USD,4.0332,4.0405
24.04.2018,Sali,25.04.2018,Carsamba,USD,4.0848,4.0922
25.04.2018,Carsamba,26.04.2018,Persembe,USD,4.0758,4.0832
26.04.2018,Persembe,27.04.2018,Cuma,USD,4.0668,4.0742
27.04.2018,Cuma,28.04.2018,Cumartesi,USD,4.0535,4.0608
27.04.2018,Cuma,29.04.2018,Pazar,USD,4.0535,4.0608
27.04.2018,Cuma,30.04.2018,Pazartesi,USD,4.0535,4.0608
30.04.2018,Pazartesi,01.05.2018,Sali,USD,4.0399,4.0472
30.04.2018,Pazartesi,02.05.2018,Carsamba,USD,4.0399,4.0472
02.05.2018,Carsamba,03.05.2018,Persembe,USD,4.1208,4.1282
03.05.2018,Persembe,04.05.2018,Cuma,USD,4.1908,4.1984
04.05.2018,Cuma,05.05.2018,Cumartesi,USD,4.2550,4.2626
04.05.2018,Cuma,06.05.2018,Pazar,USD,4.2550,4.2626
04.05.2018,Cuma,07.05.2018,Pazartesi,USD,4.2550,4.2626
07.05.2018,Pazartesi,08.05.2018,Sali,USD,4.2558,4.2635
08.05.2018,Sali,09.05.2018,Carsamba,USD,4.2817,4.2894
09.05.2018,Carsamba,10.05.2018,Persembe,USD,4.2878,4.2955
10.05.2018,Persembe,11.05.2018,Cuma,USD,4.2666,4.2743
11.05.2018,Cuma,12.05.2018,Cumartesi,USD,4.2572,4.2648
11.05.2018,Cuma,13.05.2018,Pazar,USD,4.2572,4.2648
11.05.2018,Cuma,14.05.2018,Pazartesi,USD,4.2572,4.2648
14.05.2018,Pazartesi,15.05.2018,Sali,USD,4.3200,4.3278
15.05.2018,Sali,16.05.2018,Carsamba,USD,4.3945,4.4024
16.05.2018,Carsamba,17.05.2018,Persembe,USD,4.4581,4.4662
17.05.2018,Persembe,18.05.2018,Cuma,USD,4.4402,4.4482
18.05.2018,Cuma,19.05.2018,Cumartesi,USD,4.4652,4.4732
18.05.2018,Cuma,20.05.2018,Pazar,USD,4.4652,4.4732
18.05.2018,Cuma,21.05.2018,Pazartesi,USD,4.4652,4.4732
21.05.2018,Pazartesi,22.05.2018,Sali,USD,4.5534,4.5616
22.05.2018,Sali,23.05.2018,Carsamba,USD,4.5781,4.5863
23.05.2018,Carsamba,24.05.2018,Persembe,USD,4.8464,4.8551
24.05.2018,Persembe,25.05.2018,Cuma,USD,4.7028,4.7112
25.05.2018,Cuma,26.05.2018,Cumartesi,USD,4.7207,4.7292
25.05.2018,Cuma,27.05.2018,Pazar,USD,4.7207,4.7292
25.05.2018,Cuma,28.05.2018,Pazartesi,USD,4.7207,4.7292
28.05.2018,Pazartesi,29.05.2018,Sali,USD,4.5966,4.6048
29.05.2018,Sali,30.05.2018,Carsamba,USD,4.5962,4.6045
30.05.2018,Carsamba,31.05.2018,Persembe,USD,4.4834,4.4914
31.05.2018,Persembe,01.06.2018,Cuma,USD,4.4808,4.4889
01.06.2018,Cuma,02.06.2018,Cumartesi,USD,4.5922,4.6005
01.06.2018,Cuma,03.06.2018,Pazar,USD,4.5922,4.6005
01.06.2018,Cuma,04.06.2018,Pazartesi,USD,4.5922,4.6005
04.06.2018,Pazartesi,05.06.2018,Sali,USD,4.6284,4.6367
05.06.2018,Sali,06.06.2018,Carsamba,USD,4.6073,4.6156
06.06.2018,Carsamba,07.06.2018,Persembe,USD,4.6095,4.6178
07.06.2018,Persembe,08.06.2018,Cuma,USD,4.5489,4.5571
08.06.2018,Cuma,09.06.2018,Cumartesi,USD,4.5024,4.5105
08.06.2018,Cuma,10.06.2018,Pazar,USD,4.5024,4.5105
08.06.2018,Cuma,11.06.2018,Pazartesi,USD,4.5024,4.5105
11.06.2018,Pazartesi,12.06.2018,Sali,USD,4.5136,4.5217
12.06.2018,Sali,13.06.2018,Carsamba,USD,4.5491,4.5573
13.06.2018,Carsamba,14.06.2018,Persembe,USD,4.6484,4.6568
13.06.2018,Carsamba,15.06.2018,Cuma,USD,4.6484,4.6568
13.06.2018,Carsamba,16.06.2018,Cumartesi,USD,4.6484,4.6568
13.06.2018,Carsamba,17.06.2018,Pazar,USD,4.6484,4.6568
13.06.2018,Carsamba,18.06.2018,Pazartesi,USD,4.6484,4.6568
18.06.2018,Pazartesi,19.06.2018,Sali,USD,4.7151,4.7236
19.06.2018,Sali,20.06.2018,Carsamba,USD,4.7545,4.7630
20.06.2018,Carsamba,21.06.2018,Persembe,USD,4.7488,4.7573
21.06.2018,Persembe,22.06.2018,Cuma,USD,4.7524,4.7609
22.06.2018,Cuma,23.06.2018,Cumartesi,USD,4.7077,4.7162
22.06.2018,Cuma,24.06.2018,Pazar,USD,4.7077,4.7162
22.06.2018,Cuma,25.06.2018,Pazartesi,USD,4.7077,4.7162
25.06.2018,Pazartesi,26.06.2018,Sali,USD,4.6397,4.6480
26.06.2018,Sali,27.06.2018,Carsamba,USD,4.6740,4.6824
27.06.2018,Carsamba,28.06.2018,Persembe,USD,4.6349,4.6433
28.06.2018,Persembe,29.06.2018,Cuma,USD,4.6083,4.6166
29.06.2018,Cuma,30.06.2018,Cumartesi,USD,4.5607,4.5690
29.06.2018,Cuma,01.07.2018,Pazar,USD,4.5607,4.5690
29.06.2018,Cuma,02.07.2018,Pazartesi,USD,4.5607,4.5690
02.07.2018,Pazartesi,03.07.2018,Sali,USD,4.6225,4.6308
03.07.2018,Sali,04.07.2018,Carsamba,USD,4.6560,4.6644
04.07.2018,Carsamba,05.07.2018,Persembe,USD,4.6987,4.7071
05.07.2018,Persembe,06.07.2018,Cuma,USD,4.6427,4.6510
06.07.2018,Cuma,07.07.2018,Cumartesi,USD,4.6004,4.6087
06.07.2018,Cuma,08.07.2018,Pazar,USD,4.6004,4.6087
06.07.2018,Cuma,09.07.2018,Pazartesi,USD,4.6004,4.6087
09.07.2018,Pazartesi,10.07.2018,Sali,USD,4.5304,4.5385
10.07.2018,Sali,11.07.2018,Carsamba,USD,4.7050,4.7134
11.07.2018,Carsamba,12.07.2018,Persembe,USD,4.7488,4.7574
12.07.2018,Persembe,13.07.2018,Cuma,USD,4.8176,4.8263
13.07.2018,Cuma,14.07.2018,Cumartesi,USD,4.8420,4.8507
13.07.2018,Cuma,15.07.2018,Pazar,USD,4.8420,4.8507
13.07.2018,Cuma,16.07.2018,Pazartesi,USD,4.8420,4.8507
16.07.2018,Pazartesi,17.07.2018,Sali,USD,4.8357,4.8444
17.07.2018,Sali,18.07.2018,Carsamba,USD,4.8365,4.8452
18.07.2018,Carsamba,19.07.2018,Persembe,USD,4.7908,4.7994
19.07.2018,Persembe,20.07.2018,Cuma,USD,4.8230,4.8317
20.07.2018,Cuma,21.07.2018,Cumartesi,USD,4.8000,4.8086
20.07.2018,Cuma,22.07.2018,Pazar,USD,4.8000,4.8086
20.07.2018,Cuma,23.07.2018,Pazartesi,USD,4.8000,4.8086
23.07.2018,Pazartesi,24.07.2018,Sali,USD,4.7538,4.7624
24.07.2018,Sali,25.07.2018,Carsamba,USD,4.7775,4.7861
25.07.2018,Carsamba,26.07.2018,Persembe,USD,4.8540,4.8628
26.07.2018,Persembe,27.07.2018,Cuma,USD,4.8183,4.8270
27.07.2018,Cuma,28.07.2018,Cumartesi,USD,4.8568,4.8655
27.07.2018,Cuma,29.07.2018,Pazar,USD,4.8568,4.8655
27.07.2018,Cuma,30.07.2018,Pazartesi,USD,4.8568,4.8655
30.07.2018,Pazartesi,31.07.2018,Sali,USD,4.8850,4.8938
31.07.2018,Sali,01.08.2018,Carsamba,USD,4.8999,4.9087
01.08.2018,Carsamba,02.08.2018,Persembe,USD,4.9223,4.9312
02.08.2018,Persembe,03.08.2018,Cuma,USD,5.0504,5.0595
03.08.2018,Cuma,04.08.2018,Cumartesi,USD,5.0778,5.0870
03.08.2018,Cuma,05.08.2018,Pazar,USD,5.0778,5.0870
03.08.2018,Cuma,06.08.2018,Pazartesi,USD,5.0778,5.0870
06.08.2018,Pazartesi,07.08.2018,Sali,USD,5.1464,5.1557
07.08.2018,Sali,08.08.2018,Carsamba,USD,5.2634,5.2729
08.08.2018,Carsamba,09.08.2018,Persembe,USD,5.2813,5.2908
09.08.2018,Persembe,10.08.2018,Cuma,USD,5.3988,5.4085
10.08.2018,Cuma,11.08.2018,Cumartesi,USD,5.9389,5.9496
10.08.2018,Cuma,12.08.2018,Pazar,USD,5.9389,5.9496
10.08.2018,Cuma,13.08.2018,Pazartesi,USD,5.9389,5.9496
13.08.2018,Pazartesi,14.08.2018,Sali,USD,6.8798,6.8922
14.08.2018,Sali,15.08.2018,Carsamba,USD,6.5465,6.5583
15.08.2018,Carsamba,16.08.2018,Persembe,USD,6.1360,6.1471
16.08.2018,Persembe,17.08.2018,Cuma,USD,5.7982,5.8087
17.08.2018,Cuma,18.08.2018,Cumartesi,USD,5.9944,6.0052
17.08.2018,Cuma,19.08.2018,Pazar,USD,5.9944,6.0052
17.08.2018,Cuma,20.08.2018,Pazartesi,USD,5.9944,6.0052
17.08.2018,Cuma,21.08.2018,Sali,USD,5.9944,6.0052
17.08.2018,Cuma,22.08.2018,Carsamba,USD,5.9944,6.0052
17.08.2018,Cuma,23.08.2018,Persembe,USD,5.9944,6.0052
17.08.2018,Cuma,24.08.2018,Cuma,USD,5.9944,6.0052
17.08.2018,Cuma,25.08.2018,Cumartesi,USD,5.9944,6.0052
17.08.2018,Cuma,26.08.2018,Pazar,USD,5.9944,6.0052
17.08.2018,Cuma,27.08.2018,Pazartesi,USD,5.9944,6.0052
27.08.2018,Pazartesi,28.08.2018,Sali,USD,6.1901,6.2012
28.08.2018,Sali,29.08.2018,Carsamba,USD,6.2186,6.2298
29.08.2018,Carsamba,30.08.2018,Persembe,USD,6.4063,6.4178
29.08.2018,Carsamba,31.08.2018,Cuma,USD,6.4063,6.4178
31.08.2018,Cuma,01.09.2018,Cumartesi,USD,6.5498,6.5616
31.08.2018,Cuma,02.09.2018,Pazar,USD,6.5498,6.5616
31.08.2018,Cuma,03.09.2018,Pazartesi,USD,6.5498,6.5616
03.09.2018,Pazartesi,04.09.2018,Sali,USD,6.6213,6.6333
04.09.2018,Sali,05.09.2018,Carsamba,USD,6.6797,6.6918
05.09.2018,Carsamba,06.09.2018,Persembe,USD,6.6824,6.6944
06.09.2018,Persembe,07.09.2018,Cuma,USD,6.5863,6.5981
07.09.2018,Cuma,08.09.2018,Cumartesi,USD,6.4690,6.4807
07.09.2018,Cuma,09.09.2018,Pazar,USD,6.4690,6.4807
07.09.2018,Cuma,10.09.2018,Pazartesi,USD,6.4690,6.4807
10.09.2018,Pazartesi,11.09.2018,Sali,USD,6.4533,6.4649
11.09.2018,Sali,12.09.2018,Carsamba,USD,6.4538,6.4654
12.09.2018,Carsamba,13.09.2018,Persembe,USD,6.3945,6.4060
13.09.2018,Persembe,14.09.2018,Cuma,USD,6.3566,6.3681
14.09.2018,Cuma,15.09.2018,Cumartesi,USD,6.0659,6.0768
14.09.2018,Cuma,16.09.2018,Pazar,USD,6.0659,6.0768
14.09.2018,Cuma,17.09.2018,Pazartesi,USD,6.0659,6.0768
17.09.2018,Pazartesi,18.09.2018,Sali,USD,6.2608,6.2720
18.09.2018,Sali,19.09.2018,Carsamba,USD,6.3635,6.3750
19.09.2018,Carsamba,20.09.2018,Persembe,USD,6.3095,6.3208
20.09.2018,Persembe,21.09.2018,Cuma,USD,6.2718,6.2831
21.09.2018,Cuma,22.09.2018,Cumartesi,USD,6.2671,6.2784
21.09.2018,Cuma,23.09.2018,Pazar,USD,6.2671,6.2784
21.09.2018,Cuma,24.09.2018,Pazartesi,USD,6.2671,6.2784
24.09.2018,Pazartesi,25.09.2018,Sali,USD,6.2287,6.2399
25.09.2018,Sali,26.09.2018,Carsamba,USD,6.1240,6.1350
26.09.2018,Carsamba,27.09.2018,Persembe,USD,6.1242,6.1353
27.09.2018,Persembe,28.09.2018,Cuma,USD,6.0752,6.0862
28.09.2018,Cuma,29.09.2018,Cumartesi,USD,5.9902,6.0010
28.09.2018,Cuma,30.09.2018,Pazar,USD,5.9902,6.0010
28.09.2018,Cuma,01.10.2018,Pazartesi,USD,5.9902,6.0010
01.10.2018,Pazartesi,02.10.2018,Sali,USD,5.9659,5.9767
02.10.2018,Sali,03.10.2018,Carsamba,USD,6.0082,6.0190
03.10.2018,Carsamba,04.10.2018,Persembe,USD,6.0289,6.0397
04.10.2018,Persembe,05.10.2018,Cuma,USD,6.1244,6.1354
05.10.2018,Cuma,06.10.2018,Cumartesi,USD,6.1543,6.1654
05.10.2018,Cuma,07.10.2018,Pazar,USD,6.1543,6.1654
05.10.2018,Cuma,08.10.2018,Pazartesi,USD,6.1543,6.1654
08.10.2018,Pazartesi,09.10.2018,Sali,USD,6.1516,6.1626
09.10.2018,Sali,10.10.2018,Carsamba,USD,6.1156,6.1266
10.10.2018,Carsamba,11.10.2018,Persembe,USD,6.0885,6.0995
11.10.2018,Persembe,12.10.2018,Cuma,USD,5.9833,5.9941
12.10.2018,Cuma,13.10.2018,Cumartesi,USD,5.9042,5.9149
12.10.2018,Cuma,14.10.2018,Pazar,USD,5.9042,5.9149
12.10.2018,Cuma,15.10.2018,Pazartesi,USD,5.9042,5.9149
15.10.2018,Pazartesi,16.10.2018,Sali,USD,5.8113,5.8218
16.10.2018,Sali,17.10.2018,Carsamba,USD,5.7794,5.7898
17.10.2018,Carsamba,18.10.2018,Persembe,USD,5.6825,5.6928
18.10.2018,Persembe,19.10.2018,Cuma,USD,5.5498,5.5598
19.10.2018,Cuma,20.10.2018,Cumartesi,USD,5.6134,5.6235
19.10.2018,Cuma,21.10.2018,Pazar,USD,5.6134,5.6235
19.10.2018,Cuma,22.10.2018,Pazartesi,USD,5.6134,5.6235
22.10.2018,Pazartesi,23.10.2018,Sali,USD,5.6481,5.6582
23.10.2018,Sali,24.10.2018,Carsamba,USD,5.7710,5.7814
24.10.2018,Carsamba,25.10.2018,Persembe,USD,5.7170,5.7273
25.10.2018,Persembe,26.10.2018,Cuma,USD,5.6797,5.6899
26.10.2018,Cuma,27.10.2018,Cumartesi,USD,5.6186,5.6287
26.10.2018,Cuma,28.10.2018,Pazar,USD,5.6186,5.6287
26.10.2018,Cuma,29.10.2018,Pazartesi,USD,5.6186,5.6287
26.10.2018,Cuma,30.10.2018,Sali,USD,5.6186,5.6287
30.10.2018,Sali,31.10.2018,Carsamba,USD,5.5203,5.5303
31.10.2018,Carsamba,01.11.2018,Persembe,USD,5.4981,5.5080
01.11.2018,Persembe,02.11.2018,Cuma,USD,5.5704,5.5804
02.11.2018,Cuma,03.11.2018,Cumartesi,USD,5.4613,5.4712
02.11.2018,Cuma,04.11.2018,Pazar,USD,5.4613,5.4712
02.11.2018,Cuma,05.11.2018,Pazartesi,USD,5.4613,5.4712
05.11.2018,Pazartesi,06.11.2018,Sali,USD,5.4470,5.4569
06.11.2018,Sali,07.11.2018,Carsamba,USD,5.3418,5.3514
07.11.2018,Carsamba,08.11.2018,Persembe,USD,5.3575,5.3672
08.11.2018,Persembe,09.11.2018,Cuma,USD,5.4095,5.4193
09.11.2018,Cuma,10.11.2018,Cumartesi,USD,5.4819,5.4918
09.11.2018,Cuma,11.11.2018,Pazar,USD,5.4819,5.4918
09.11.2018,Cuma,12.11.2018,Pazartesi,USD,5.4819,5.4918
12.11.2018,Pazartesi,13.11.2018,Sali,USD,5.4764,5.4862
13.11.2018,Sali,14.11.2018,Carsamba,USD,5.4770,5.4868
14.11.2018,Carsamba,15.11.2018,Persembe,USD,5.4625,5.4724
15.11.2018,Persembe,16.11.2018,Cuma,USD,5.4177,5.4275
16.11.2018,Cuma,17.11.2018,Cumartesi,USD,5.3412,5.3508
16.11.2018,Cuma,18.11.2018,Pazar,USD,5.3412,5.3508
16.11.2018,Cuma,19.11.2018,Pazartesi,USD,5.3412,5.3508
19.11.2018,Pazartesi,20.11.2018,Sali,USD,5.3231,5.3327
20.11.2018,Sali,21.11.2018,Carsamba,USD,5.3272,5.3368
21.11.2018,Carsamba,22.11.2018,Persembe,USD,5.3497,5.3593
22.11.2018,Persembe,23.11.2018,Cuma,USD,5.3029,5.3124
23.11.2018,Cuma,24.11.2018,Cumartesi,USD,5.2771,5.2866
23.11.2018,Cuma,25.11.2018,Pazar,USD,5.2771,5.2866
23.11.2018,Cuma,26.11.2018,Pazartesi,USD,5.2771,5.2866
26.11.2018,Pazartesi,27.11.2018,Sali,USD,5.2444,5.2538
27.11.2018,Sali,28.11.2018,Carsamba,USD,5.2366,5.2461
28.11.2018,Carsamba,29.11.2018,Persembe,USD,5.2486,5.2580
29.11.2018,Persembe,30.11.2018,Cuma,USD,5.1649,5.1742
30.11.2018,Cuma,01.12.2018,Cumartesi,USD,5.1570,5.1663
30.11.2018,Cuma,02.12.2018,Pazar,USD,5.1570,5.1663
30.11.2018,Cuma,03.12.2018,Pazartesi,USD,5.1570,5.1663
03.12.2018,Pazartesi,04.12.2018,Sali,USD,5.1906,5.2000
04.12.2018,Sali,05.12.2018,Carsamba,USD,5.2723,5.2818
05.12.2018,Carsamba,06.12.2018,Persembe,USD,5.3733,5.3829
06.12.2018,Persembe,07.12.2018,Cuma,USD,5.3608,5.3705
07.12.2018,Cuma,08.12.2018,Cumartesi,USD,5.3257,5.3353
07.12.2018,Cuma,09.12.2018,Pazar,USD,5.3257,5.3353
07.12.2018,Cuma,10.12.2018,Pazartesi,USD,5.3257,5.3353
10.12.2018,Pazartesi,11.12.2018,Sali,USD,5.2810,5.2905
11.12.2018,Sali,12.12.2018,Carsamba,USD,5.3505,5.3601
12.12.2018,Carsamba,13.12.2018,Persembe,USD,5.3633,5.3730
13.12.2018,Persembe,14.12.2018,Cuma,USD,5.3611,5.3708
14.12.2018,Cuma,15.12.2018,Cumartesi,USD,5.3710,5.3807
14.12.2018,Cuma,16.12.2018,Pazar,USD,5.3710,5.3807
14.12.2018,Cuma,17.12.2018,Pazartesi,USD,5.3710,5.3807
17.12.2018,Pazartesi,18.12.2018,Sali,USD,5.3766,5.3863
18.12.2018,Sali,19.12.2018,Carsamba,USD,5.3504,5.3600
19.12.2018,Carsamba,20.12.2018,Persembe,USD,5.3314,5.3410
20.12.2018,Persembe,21.12.2018,Cuma,USD,5.2600,5.2695
21.12.2018,Cuma,22.12.2018,Cumartesi,USD,5.2746,5.2841
21.12.2018,Cuma,23.12.2018,Pazar,USD,5.2746,5.2841
21.12.2018,Cuma,24.12.2018,Pazartesi,USD,5.2746,5.2841
24.12.2018,Pazartesi,25.12.2018,Sali,USD,5.2926,5.3021
25.12.2018,Sali,26.12.2018,Carsamba,USD,5.3034,5.3130
26.12.2018,Carsamba,27.12.2018,Persembe,USD,5.2832,5.2927
27.12.2018,Persembe,28.12.2018,Cuma,USD,5.2889,5.2985
28.12.2018,Cuma,29.12.2018,Cumartesi,USD,5.2609,5.2704
28.12.2018,Cuma,30.12.2018,Pazar,USD,5.2609,5.2704
28.12.2018,Cuma,31.12.2018,Pazartesi,USD,5.2609,5.2704
31.12.2018,Pazartesi,01.01.2019,Sali,USD,5.2810,5.2905
31.12.2018,Pazartesi,02.01.2019,Carsamba,USD,5.2810,5.2905
02.01.2019,Carsamba,03.01.2019,Persembe,USD,5.3316,5.3412
03.01.2019,Persembe,04.01.2019,Cuma,USD,5.4588,5.4686
04.01.2019,Cuma,05.01.2019,Cumartesi,USD,5.4088,5.4186
04.01.2019,Cuma,06.01.2019,Pazar,USD,5.4088,5.4186
04.01.2019,Cuma,07.01.2019,Pazartesi,USD,5.4088,5.4186
07.01.2019,Pazartesi,08.01.2019,Sali,USD,5.3597,5.3693
08.01.2019,Sali,09.01.2019,Carsamba,USD,5.4264,5.4362
09.01.2019,Carsamba,10.01.2019,Persembe,USD,5.4973,5.5072
10.01.2019,Persembe,11.01.2019,Cuma,USD,5.4626,5.4724
11.01.2019,Cuma,12.01.2019,Cumartesi,USD,5.4242,5.4340
11.01.2019,Cuma,13.01.2019,Pazar,USD,5.4242,5.4340
11.01.2019,Cuma,14.01.2019,Pazartesi,USD,5.4242,5.4340
14.01.2019,Pazartesi,15.01.2019,Sali,USD,5.5103,5.5203
15.01.2019,Sali,16.01.2019,Carsamba,USD,5.4401,5.4499
16.01.2019,Carsamba,17.01.2019,Persembe,USD,5.4037,5.4134
17.01.2019,Persembe,18.01.2019,Cuma,USD,5.3563,5.3659
18.01.2019,Cuma,19.01.2019,Cumartesi,USD,5.3429,5.3526
18.01.2019,Cuma,20.01.2019,Pazar,USD,5.3429,5.3526
18.01.2019,Cuma,21.01.2019,Pazartesi,USD,5.3429,5.3526
21.01.2019,Pazartesi,22.01.2019,Sali,USD,5.3369,5.3465
22.01.2019,Sali,23.01.2019,Carsamba,USD,5.3454,5.3551
23.01.2019,Carsamba,24.01.2019,Persembe,USD,5.3142,5.3238
24.01.2019,Persembe,25.01.2019,Cuma,USD,5.2740,5.2835
25.01.2019,Cuma,26.01.2019,Cumartesi,USD,5.2641,5.2736
25.01.2019,Cuma,27.01.2019,Pazar,USD,5.2641,5.2736
25.01.2019,Cuma,28.01.2019,Pazartesi,USD,5.2641,5.2736
28.01.2019,Pazartesi,29.01.2019,Sali,USD,5.2763,5.2858
29.01.2019,Sali,30.01.2019,Carsamba,USD,5.3339,5.3436
30.01.2019,Carsamba,31.01.2019,Persembe,USD,5.2781,5.2876
31.01.2019,Persembe,01.02.2019,Cuma,USD,5.2109,5.2203
01.02.2019,Cuma,02.02.2019,Cumartesi,USD,5.1945,5.2038
01.02.2019,Cuma,03.02.2019,Pazar,USD,5.1945,5.2038
01.02.2019,Cuma,04.02.2019,Pazartesi,USD,5.1945,5.2038
04.02.2019,Pazartesi,05.02.2019,Sali,USD,5.2194,5.2288
05.02.2019,Sali,06.02.2019,Carsamba,USD,5.1979,5.2073
06.02.2019,Carsamba,07.02.2019,Persembe,USD,5.2089,5.2183
07.02.2019,Persembe,08.02.2019,Cuma,USD,5.2407,5.2502
08.02.2019,Cuma,09.02.2019,Cumartesi,USD,5.2438,5.2532
08.02.2019,Cuma,10.02.2019,Pazar,USD,5.2438,5.2532
08.02.2019,Cuma,11.02.2019,Pazartesi,USD,5.2438,5.2532
11.02.2019,Pazartesi,12.02.2019,Sali,USD,5.2556,5.2651
12.02.2019,Sali,13.02.2019,Carsamba,USD,5.2638,5.2733
13.02.2019,Carsamba,14.02.2019,Persembe,USD,5.2429,5.2523
14.02.2019,Persembe,15.02.2019,Cuma,USD,5.2867,5.2962
15.02.2019,Cuma,16.02.2019,Cumartesi,USD,5.2601,5.2696
15.02.2019,Cuma,17.02.2019,Pazar,USD,5.2601,5.2696
15.02.2019,Cuma,18.02.2019,Pazartesi,USD,5.2601,5.2696
18.02.2019,Pazartesi,19.02.2019,Sali,USD,5.2922,5.3018
19.02.2019,Sali,20.02.2019,Carsamba,USD,5.3052,5.3147
20.02.2019,Carsamba,21.02.2019,Persembe,USD,5.2964,5.3059
21.02.2019,Persembe,22.02.2019,Cuma,USD,5.3141,5.3236
22.02.2019,Cuma,23.02.2019,Cumartesi,USD,5.3168,5.3264
22.02.2019,Cuma,24.02.2019,Pazar,USD,5.3168,5.3264
22.02.2019,Cuma,25.02.2019,Pazartesi,USD,5.3168,5.3264
25.02.2019,Pazartesi,26.02.2019,Sali,USD,5.3058,5.3154
26.02.2019,Sali,27.02.2019,Carsamba,USD,5.2949,5.3044
27.02.2019,Carsamba,28.02.2019,Persembe,USD,5.2905,5.3000
28.02.2019,Persembe,01.03.2019,Cuma,USD,5.3177,5.3273
01.03.2019,Cuma,02.03.2019,Cumartesi,USD,5.3442,5.3538
01.03.2019,Cuma,03.03.2019,Pazar,USD,5.3442,5.3538
01.03.2019,Cuma,04.03.2019,Pazartesi,USD,5.3442,5.3538
04.03.2019,Pazartesi,05.03.2019,Sali,USD,5.3781,5.3878
05.03.2019,Sali,06.03.2019,Carsamba,USD,5.3671,5.3767
06.03.2019,Carsamba,07.03.2019,Persembe,USD,5.3790,5.3887
07.03.2019,Persembe,08.03.2019,Cuma,USD,5.4309,5.4407
08.03.2019,Cuma,09.03.2019,Cumartesi,USD,5.4544,5.4642
08.03.2019,Cuma,10.03.2019,Pazar,USD,5.4544,5.4642
08.03.2019,Cuma,11.03.2019,Pazartesi,USD,5.4544,5.4642
11.03.2019,Pazartesi,12.03.2019,Sali,USD,5.4345,5.4443
12.03.2019,Sali,13.03.2019,Carsamba,USD,5.4359,5.4457
13.03.2019,Carsamba,14.03.2019,Persembe,USD,5.4523,5.4621
14.03.2019,Persembe,15.03.2019,Cuma,USD,5.4617,5.4716
15.03.2019,Cuma,16.03.2019,Cumartesi,USD,5.4564,5.4662
15.03.2019,Cuma,17.03.2019,Pazar,USD,5.4564,5.4662
15.03.2019,Cuma,18.03.2019,Pazartesi,USD,5.4564,5.4662
18.03.2019,Pazartesi,19.03.2019,Sali,USD,5.4544,5.4643
19.03.2019,Sali,20.03.2019,Carsamba,USD,5.4642,5.4741
20.03.2019,Carsamba,21.03.2019,Persembe,USD,5.4700,5.4799
21.03.2019,Persembe,22.03.2019,Cuma,USD,5.4392,5.4490
22.03.2019,Cuma,23.03.2019,Cumartesi,USD,5.5274,5.5373
22.03.2019,Cuma,24.03.2019,Pazar,USD,5.5274,5.5373
22.03.2019,Cuma,25.03.2019,Pazartesi,USD,5.5274,5.5373
25.03.2019,Pazartesi,26.03.2019,Sali,USD,5.6458,5.6559
26.03.2019,Sali,27.03.2019,Carsamba,USD,5.4945,5.5044
27.03.2019,Carsamba,28.03.2019,Persembe,USD,5.3307,5.3403
28.03.2019,Persembe,29.03.2019,Cuma,USD,5.5423,5.5523
29.03.2019,Cuma,30.03.2019,Cumartesi,USD,5.6284,5.6386
29.03.2019,Cuma,31.03.2019,Pazar,USD,5.6284,5.6386
29.03.2019,Cuma,01.04.2019,Pazartesi,USD,5.6284,5.6386
01.04.2019,Pazartesi,02.04.2019,Sali,USD,5.5986,5.6086
02.04.2019,Sali,03.04.2019,Carsamba,USD,5.5569,5.5669
03.04.2019,Carsamba,04.04.2019,Persembe,USD,5.6067,5.6168
04.04.2019,Persembe,05.04.2019,Cuma,USD,5.6291,5.6392
05.04.2019,Cuma,06.04.2019,Cumartesi,USD,5.5923,5.6024
05.04.2019,Cuma,07.04.2019,Pazar,USD,5.5923,5.6024
05.04.2019,Cuma,08.04.2019,Pazartesi,USD,5.5923,5.6024
08.04.2019,Pazartesi,09.04.2019,Sali,USD,5.6671,5.6774
09.04.2019,Sali,10.04.2019,Carsamba,USD,5.6576,5.6678
10.04.2019,Carsamba,11.04.2019,Persembe,USD,5.6727,5.6829
11.04.2019,Persembe,12.04.2019,Cuma,USD,5.7112,5.7215
12.04.2019,Cuma,13.04.2019,Cumartesi,USD,5.7827,5.7931
12.04.2019,Cuma,14.04.2019,Pazar,USD,5.7827,5.7931
12.04.2019,Cuma,15.04.2019,Pazartesi,USD,5.7827,5.7931
15.04.2019,Pazartesi,16.04.2019,Sali,USD,5.7852,5.7956
16.04.2019,Sali,17.04.2019,Carsamba,USD,5.7892,5.7996
17.04.2019,Carsamba,18.04.2019,Persembe,USD,5.7427,5.7531
18.04.2019,Persembe,19.04.2019,Cuma,USD,5.8094,5.8199
19.04.2019,Cuma,20.04.2019,Cumartesi,USD,5.7921,5.8025
19.04.2019,Cuma,21.04.2019,Pazar,USD,5.7921,5.8025
19.04.2019,Cuma,22.04.2019,Pazartesi,USD,5.7921,5.8025
22.04.2019,Pazartesi,23.04.2019,Sali,USD,5.8253,5.8358
22.04.2019,Pazartesi,24.04.2019,Carsamba,USD,5.8253,5.8358
24.04.2019,Carsamba,25.04.2019,Persembe,USD,5.8598,5.8703
25.04.2019,Persembe,26.04.2019,Cuma,USD,5.8927,5.9033
26.04.2019,Cuma,27.04.2019,Cumartesi,USD,5.9233,5.9340
26.04.2019,Cuma,28.04.2019,Pazar,USD,5.9233,5.9340
26.04.2019,Cuma,29.04.2019,Pazartesi,USD,5.9233,5.9340
29.04.2019,Pazartesi,30.04.2019,Sali,USD,5.9282,5.9389
30.04.2019,Sali,01.05.2019,Carsamba,USD,5.9563,5.9671
30.04.2019,Sali,02.05.2019,Persembe,USD,5.9563,5.9671
02.05.2019,Persembe,03.05.2019,Cuma,USD,5.9571,5.9679
03.05.2019,Cuma,04.05.2019,Cumartesi,USD,5.9602,5.9709
03.05.2019,Cuma,05.05.2019,Pazar,USD,5.9602,5.9709
03.05.2019,Cuma,06.05.2019,Pazartesi,USD,5.9602,5.9709
06.05.2019,Pazartesi,07.05.2019,Sali,USD,5.9915,6.0023
07.05.2019,Sali,08.05.2019,Carsamba,USD,6.1475,6.1586
08.05.2019,Carsamba,09.05.2019,Persembe,USD,6.1607,6.1718
09.05.2019,Persembe,10.05.2019,Cuma,USD,6.2026,6.2138
10.05.2019,Cuma,11.05.2019,Cumartesi,USD,6.1129,6.1239
10.05.2019,Cuma,12.05.2019,Pazar,USD,6.1129,6.1239
10.05.2019,Cuma,13.05.2019,Pazartesi,USD,6.1129,6.1239
13.05.2019,Pazartesi,14.05.2019,Sali,USD,6.0827,6.0936
14.05.2019,Sali,15.05.2019,Carsamba,USD,6.0438,6.0547
15.05.2019,Carsamba,16.05.2019,Persembe,USD,6.0529,6.0638
16.05.2019,Persembe,17.05.2019,Cuma,USD,5.9999,6.0107
17.05.2019,Cuma,18.05.2019,Cumartesi,USD,6.0463,6.0572
17.05.2019,Cuma,19.05.2019,Pazar,USD,6.0463,6.0572
17.05.2019,Cuma,20.05.2019,Pazartesi,USD,6.0463,6.0572
20.05.2019,Pazartesi,21.05.2019,Sali,USD,6.0400,6.0509
21.05.2019,Sali,22.05.2019,Carsamba,USD,6.0425,6.0534
22.05.2019,Carsamba,23.05.2019,Persembe,USD,6.0762,6.0872
23.05.2019,Persembe,24.05.2019,Cuma,USD,6.1252,6.1362
24.05.2019,Cuma,25.05.2019,Cumartesi,USD,6.0656,6.0766
24.05.2019,Cuma,26.05.2019,Pazar,USD,6.0656,6.0766
24.05.2019,Cuma,27.05.2019,Pazartesi,USD,6.0656,6.0766
27.05.2019,Pazartesi,28.05.2019,Sali,USD,6.0460,6.0569
28.05.2019,Sali,29.05.2019,Carsamba,USD,6.0392,6.0501
29.05.2019,Carsamba,30.05.2019,Persembe,USD,6.0152,6.0261
30.05.2019,Persembe,31.05.2019,Cuma,USD,5.9235,5.9342
31.05.2019,Cuma,01.06.2019,Cumartesi,USD,5.8613,5.8718
31.05.2019,Cuma,02.06.2019,Pazar,USD,5.8613,5.8718
31.05.2019,Cuma,03.06.2019,Pazartesi,USD,5.8613,5.8718
31.05.2019,Cuma,04.06.2019,Sali,USD,5.8613,5.8718
31.05.2019,Cuma,05.06.2019,Carsamba,USD,5.8613,5.8718
31.05.2019,Cuma,06.06.2019,Persembe,USD,5.8613,5.8718
31.05.2019,Cuma,07.06.2019,Cuma,USD,5.8613,5.8718
07.06.2019,Cuma,08.06.2019,Cumartesi,USD,5.8354,5.8460
07.06.2019,Cuma,09.06.2019,Pazar,USD,5.8354,5.8460
07.06.2019,Cuma,10.06.2019,Pazartesi,USD,5.8354,5.8460
10.06.2019,Pazartesi,11.06.2019,Sali,USD,5.8070,5.8174
11.06.2019,Sali,12.06.2019,Carsamba,USD,5.7791,5.7895
12.06.2019,Carsamba,13.06.2019,Persembe,USD,5.7997,5.8101
13.06.2019,Persembe,14.06.2019,Cuma,USD,5.8264,5.8369
14.06.2019,Cuma,15.06.2019,Cumartesi,USD,5.8826,5.8932
14.06.2019,Cuma,16.06.2019,Pazar,USD,5.8826,5.8932
14.06.2019,Cuma,17.06.2019,Pazartesi,USD,5.8826,5.8932
17.06.2019,Pazartesi,18.06.2019,Sali,USD,5.8704,5.8810
18.06.2019,Sali,19.06.2019,Carsamba,USD,5.8410,5.8515
19.06.2019,Carsamba,20.06.2019,Persembe,USD,5.8518,5.8624
20.06.2019,Persembe,21.06.2019,Cuma,USD,5.7311,5.7414
21.06.2019,Cuma,22.06.2019,Cumartesi,USD,5.7915,5.8020
21.06.2019,Cuma,23.06.2019,Pazar,USD,5.7915,5.8020
21.06.2019,Cuma,24.06.2019,Pazartesi,USD,5.7915,5.8020
24.06.2019,Pazartesi,25.06.2019,Sali,USD,5.7444,5.7547
25.06.2019,Sali,26.06.2019,Carsamba,USD,5.7904,5.8008
26.06.2019,Carsamba,27.06.2019,Persembe,USD,5.7630,5.7734
27.06.2019,Persembe,28.06.2019,Cuma,USD,5.7665,5.7769
28.06.2019,Cuma,29.06.2019,Cumartesi,USD,5.7551,5.7654
28.06.2019,Cuma,30.06.2019,Pazar,USD,5.7551,5.7654
28.06.2019,Cuma,01.07.2019,Pazartesi,USD,5.7551,5.7654
01.07.2019,Pazartesi,02.07.2019,Sali,USD,5.6792,5.6895
02.07.2019,Sali,03.07.2019,Carsamba,USD,5.6669,5.6772
03.07.2019,Carsamba,04.07.2019,Persembe,USD,5.6292,5.6394
04.07.2019,Persembe,05.07.2019,Cuma,USD,5.5934,5.6035
05.07.2019,Cuma,06.07.2019,Cumartesi,USD,5.6007,5.6108
05.07.2019,Cuma,07.07.2019,Pazar,USD,5.6007,5.6108
05.07.2019,Cuma,08.07.2019,Pazartesi,USD,5.6007,5.6108
08.07.2019,Pazartesi,09.07.2019,Sali,USD,5.7227,5.7330
09.07.2019,Sali,10.07.2019,Carsamba,USD,5.7122,5.7225
10.07.2019,Carsamba,11.07.2019,Persembe,USD,5.7381,5.7485
11.07.2019,Persembe,12.07.2019,Cuma,USD,5.6665,5.6767
12.07.2019,Cuma,13.07.2019,Cumartesi,USD,5.6916,5.7019
12.07.2019,Cuma,14.07.2019,Pazar,USD,5.6916,5.7019
12.07.2019,Cuma,15.07.2019,Pazartesi,USD,5.6916,5.7019
12.07.2019,Cuma,16.07.2019,Sali,USD,5.6916,5.7019
16.07.2019,Sali,17.07.2019,Carsamba,USD,5.7027,5.7130
17.07.2019,Carsamba,18.07.2019,Persembe,USD,5.6929,5.7031
18.07.2019,Persembe,19.07.2019,Cuma,USD,5.6912,5.7014
19.07.2019,Cuma,20.07.2019,Cumartesi,USD,5.6316,5.6417
19.07.2019,Cuma,21.07.2019,Pazar,USD,5.6316,5.6417
19.07.2019,Cuma,22.07.2019,Pazartesi,USD,5.6316,5.6417
22.07.2019,Pazartesi,23.07.2019,Sali,USD,5.6684,5.6786
23.07.2019,Sali,24.07.2019,Carsamba,USD,5.6784,5.6886
24.07.2019,Carsamba,25.07.2019,Persembe,USD,5.7135,5.7238
25.07.2019,Persembe,26.07.2019,Cuma,USD,5.6991,5.7093
26.07.2019,Cuma,27.07.2019,Cumartesi,USD,5.6564,5.6665
26.07.2019,Cuma,28.07.2019,Pazar,USD,5.6564,5.6665
26.07.2019,Cuma,29.07.2019,Pazartesi,USD,5.6564,5.6665
29.07.2019,Pazartesi,30.07.2019,Sali,USD,5.6272,5.6373
30.07.2019,Sali,31.07.2019,Carsamba,USD,5.5709,5.5810
31.07.2019,Carsamba,01.08.2019,Persembe,USD,5.5227,5.5326
01.08.2019,Persembe,02.08.2019,Cuma,USD,5.5815,5.5916
02.08.2019,Cuma,03.08.2019,Cumartesi,USD,5.5809,5.5910
02.08.2019,Cuma,04.08.2019,Pazar,USD,5.5809,5.5910
02.08.2019,Cuma,05.08.2019,Pazartesi,USD,5.5809,5.5910
05.08.2019,Pazartesi,06.08.2019,Sali,USD,5.5560,5.5660
06.08.2019,Sali,07.08.2019,Carsamba,USD,5.5315,5.5415
07.08.2019,Carsamba,08.08.2019,Persembe,USD,5.4858,5.4957
08.08.2019,Persembe,09.08.2019,Cuma,USD,5.4744,5.4842
09.08.2019,Cuma,10.08.2019,Cumartesi,USD,5.4809,5.4907
09.08.2019,Cuma,11.08.2019,Pazar,USD,5.4809,5.4907
09.08.2019,Cuma,12.08.2019,Pazartesi,USD,5.4809,5.4907
09.08.2019,Cuma,13.08.2019,Sali,USD,5.4809,5.4907
09.08.2019,Cuma,14.08.2019,Carsamba,USD,5.4809,5.4907
09.08.2019,Cuma,15.08.2019,Persembe,USD,5.4809,5.4907
15.08.2019,Persembe,16.08.2019,Cuma,USD,5.5714,5.5814
16.08.2019,Cuma,17.08.2019,Cumartesi,USD,5.5398,5.5497
16.08.2019,Cuma,18.08.2019,Pazar,USD,5.5398,5.5497
16.08.2019,Cuma,19.08.2019,Pazartesi,USD,5.5398,5.5497
19.08.2019,Pazartesi,20.08.2019,Sali,USD,5.5775,5.5875
20.08.2019,Sali,21.08.2019,Carsamba,USD,5.7046,5.7149
21.08.2019,Carsamba,22.08.2019,Persembe,USD,5.7096,5.7199
22.08.2019,Persembe,23.08.2019,Cuma,USD,5.7478,5.7581
23.08.2019,Cuma,24.08.2019,Cumartesi,USD,5.7538,5.7642
23.08.2019,Cuma,25.08.2019,Pazar,USD,5.7538,5.7642
23.08.2019,Cuma,26.08.2019,Pazartesi,USD,5.7538,5.7642
26.08.2019,Pazartesi,27.08.2019,Sali,USD,5.8029,5.8133
27.08.2019,Sali,28.08.2019,Carsamba,USD,5.8257,5.8362
28.08.2019,Carsamba,29.08.2019,Persembe,USD,5.7994,5.8098
29.08.2019,Persembe,30.08.2019,Cuma,USD,5.8140,5.8245
29.08.2019,Persembe,31.08.2019,Cumartesi,USD,5.8140,5.8245
29.08.2019,Persembe,01.09.2019,Pazar,USD,5.8140,5.8245
29.08.2019,Persembe,02.09.2019,Pazartesi,USD,5.8140,5.8245
02.09.2019,Pazartesi,03.09.2019,Sali,USD,5.8044,5.8149
03.09.2019,Sali,04.09.2019,Carsamba,USD,5.7726,5.7830
04.09.2019,Carsamba,05.09.2019,Persembe,USD,5.6656,5.6758
05.09.2019,Persembe,06.09.2019,Cuma,USD,5.6746,5.6848
06.09.2019,Cuma,07.09.2019,Cumartesi,USD,5.6932,5.7035
06.09.2019,Cuma,08.09.2019,Pazar,USD,5.6932,5.7035
06.09.2019,Cuma,09.09.2019,Pazartesi,USD,5.6932,5.7035
09.09.2019,Pazartesi,10.09.2019,Sali,USD,5.7215,5.7318
10.09.2019,Sali,11.09.2019,Carsamba,USD,5.7568,5.7671
11.09.2019,Carsamba,12.09.2019,Persembe,USD,5.7711,5.7815
12.09.2019,Persembe,13.09.2019,Cuma,USD,5.7283,5.7387
13.09.2019,Cuma,14.09.2019,Cumartesi,USD,5.6665,5.6767
13.09.2019,Cuma,15.09.2019,Pazar,USD,5.6665,5.6767
13.09.2019,Cuma,16.09.2019,Pazartesi,USD,5.6665,5.6767
16.09.2019,Pazartesi,17.09.2019,Sali,USD,5.7125,5.7228
17.09.2019,Sali,18.09.2019,Carsamba,USD,5.7227,5.7330
18.09.2019,Carsamba,19.09.2019,Persembe,USD,5.6785,5.6888
19.09.2019,Persembe,20.09.2019,Cuma,USD,5.6917,5.7020
20.09.2019,Cuma,21.09.2019,Cumartesi,USD,5.6889,5.6991
20.09.2019,Cuma,22.09.2019,Pazar,USD,5.6889,5.6991
20.09.2019,Cuma,23.09.2019,Pazartesi,USD,5.6889,5.6991
23.09.2019,Pazartesi,24.09.2019,Sali,USD,5.7183,5.7286
24.09.2019,Sali,25.09.2019,Carsamba,USD,5.6743,5.6845
25.09.2019,Carsamba,26.09.2019,Persembe,USD,5.6882,5.6984
26.09.2019,Persembe,27.09.2019,Cuma,USD,5.6659,5.6761
27.09.2019,Cuma,28.09.2019,Cumartesi,USD,5.6591,5.6693
27.09.2019,Cuma,29.09.2019,Pazar,USD,5.6591,5.6693
27.09.2019,Cuma,30.09.2019,Pazartesi,USD,5.6591,5.6693
30.09.2019,Pazartesi,01.10.2019,Sali,USD,5.6437,5.6539
01.10.2019,Sali,02.10.2019,Carsamba,USD,5.6752,5.6855
02.10.2019,Carsamba,03.10.2019,Persembe,USD,5.7280,5.7383
03.10.2019,Persembe,04.10.2019,Cuma,USD,5.6854,5.6956
04.10.2019,Cuma,05.10.2019,Cumartesi,USD,5.6894,5.6997
04.10.2019,Cuma,06.10.2019,Pazar,USD,5.6894,5.6997
04.10.2019,Cuma,07.10.2019,Pazartesi,USD,5.6894,5.6997
07.10.2019,Pazartesi,08.10.2019,Sali,USD,5.7343,5.7446
08.10.2019,Sali,09.10.2019,Carsamba,USD,5.8160,5.8265
09.10.2019,Carsamba,10.10.2019,Persembe,USD,5.8276,5.8381
10.10.2019,Persembe,11.10.2019,Cuma,USD,5.8704,5.8810
11.10.2019,Cuma,12.10.2019,Cumartesi,USD,5.8417,5.8522
11.10.2019,Cuma,13.10.2019,Pazar,USD,5.8417,5.8522
11.10.2019,Cuma,14.10.2019,Pazartesi,USD,5.8417,5.8522
14.10.2019,Pazartesi,15.10.2019,Sali,USD,5.9103,5.9209
15.10.2019,Sali,16.10.2019,Carsamba,USD,5.8881,5.8987
16.10.2019,Carsamba,17.10.2019,Persembe,USD,5.8915,5.9021
17.10.2019,Persembe,18.10.2019,Cuma,USD,5.8806,5.8912
18.10.2019,Cuma,19.10.2019,Cumartesi,USD,5.7690,5.7794
18.10.2019,Cuma,20.10.2019,Pazar,USD,5.7690,5.7794
18.10.2019,Cuma,21.10.2019,Pazartesi,USD,5.7690,5.7794
21.10.2019,Pazartesi,22.10.2019,Sali,USD,5.8124,5.8228
22.10.2019,Sali,23.10.2019,Carsamba,USD,5.8303,5.8408
23.10.2019,Carsamba,24.10.2019,Persembe,USD,5.7712,5.7816
24.10.2019,Persembe,25.10.2019,Cuma,USD,5.7417,5.7520
25.10.2019,Cuma,26.10.2019,Cumartesi,USD,5.7584,5.7688
25.10.2019,Cuma,27.10.2019,Pazar,USD,5.7584,5.7688
25.10.2019,Cuma,28.10.2019,Pazartesi,USD,5.7584,5.7688
25.10.2019,Cuma,29.10.2019,Sali,USD,5.7584,5.7688
25.10.2019,Cuma,30.10.2019,Carsamba,USD,5.7584,5.7688
30.10.2019,Carsamba,31.10.2019,Persembe,USD,5.7363,5.7466
31.10.2019,Persembe,01.11.2019,Cuma,USD,5.7083,5.7186
01.11.2019,Cuma,02.11.2019,Cumartesi,USD,5.7188,5.7291
01.11.2019,Cuma,03.11.2019,Pazar,USD,5.7188,5.7291
01.11.2019,Cuma,04.11.2019,Pazartesi,USD,5.7188,5.7291
04.11.2019,Pazartesi,05.11.2019,Sali,USD,5.6832,5.6934
05.11.2019,Sali,06.11.2019,Carsamba,USD,5.7282,5.7386
06.11.2019,Carsamba,07.11.2019,Persembe,USD,5.7480,5.7584
07.11.2019,Persembe,08.11.2019,Cuma,USD,5.7366,5.7470
08.11.2019,Cuma,09.11.2019,Cumartesi,USD,5.7429,5.7532
08.11.2019,Cuma,10.11.2019,Pazar,USD,5.7429,5.7532
08.11.2019,Cuma,11.11.2019,Pazartesi,USD,5.7429,5.7532
11.11.2019,Pazartesi,12.11.2019,Sali,USD,5.7704,5.7808
12.11.2019,Sali,13.11.2019,Carsamba,USD,5.7665,5.7769
13.11.2019,Carsamba,14.11.2019,Persembe,USD,5.7573,5.7676
14.11.2019,Persembe,15.11.2019,Cuma,USD,5.7570,5.7674
15.11.2019,Cuma,16.11.2019,Cumartesi,USD,5.7470,5.7573
15.11.2019,Cuma,17.11.2019,Pazar,USD,5.7470,5.7573
15.11.2019,Cuma,18.11.2019,Pazartesi,USD,5.7470,5.7573
18.11.2019,Pazartesi,19.11.2019,Sali,USD,5.7303,5.7407
19.11.2019,Sali,20.11.2019,Carsamba,USD,5.7153,5.7256
20.11.2019,Carsamba,21.11.2019,Persembe,USD,5.6964,5.7066
21.11.2019,Persembe,22.11.2019,Cuma,USD,5.6896,5.6998
22.11.2019,Cuma,23.11.2019,Cumartesi,USD,5.6919,5.7021
22.11.2019,Cuma,24.11.2019,Pazar,USD,5.6919,5.7021
22.11.2019,Cuma,25.11.2019,Pazartesi,USD,5.6919,5.7021
25.11.2019,Pazartesi,26.11.2019,Sali,USD,5.7191,5.7294
26.11.2019,Sali,27.11.2019,Carsamba,USD,5.7383,5.7486
27.11.2019,Carsamba,28.11.2019,Persembe,USD,5.7528,5.7632
28.11.2019,Persembe,29.11.2019,Cuma,USD,5.7579,5.7682
29.11.2019,Cuma,30.11.2019,Cumartesi,USD,5.7403,5.7507
29.11.2019,Cuma,01.12.2019,Pazar,USD,5.7403,5.7507
29.11.2019,Cuma,02.12.2019,Pazartesi,USD,5.7403,5.7507
02.12.2019,Pazartesi,03.12.2019,Sali,USD,5.7426,5.7529
03.12.2019,Sali,04.12.2019,Carsamba,USD,5.7365,5.7468
04.12.2019,Carsamba,05.12.2019,Persembe,USD,5.7360,5.7463
05.12.2019,Persembe,06.12.2019,Cuma,USD,5.7488,5.7591
06.12.2019,Cuma,07.12.2019,Cumartesi,USD,5.7479,5.7582
06.12.2019,Cuma,08.12.2019,Pazar,USD,5.7479,5.7582
06.12.2019,Cuma,09.12.2019,Pazartesi,USD,5.7479,5.7582
09.12.2019,Pazartesi,10.12.2019,Sali,USD,5.7905,5.8010
10.12.2019,Sali,11.12.2019,Carsamba,USD,5.7987,5.8092
11.12.2019,Carsamba,12.12.2019,Persembe,USD,5.7982,5.8086
12.12.2019,Persembe,13.12.2019,Cuma,USD,5.7875,5.7980
13.12.2019,Cuma,14.12.2019,Cumartesi,USD,5.7726,5.7830
13.12.2019,Cuma,15.12.2019,Pazar,USD,5.7726,5.7830
13.12.2019,Cuma,16.12.2019,Pazartesi,USD,5.7726,5.7830
16.12.2019,Pazartesi,17.12.2019,Sali,USD,5.8344,5.8449
17.12.2019,Sali,18.12.2019,Carsamba,USD,5.8558,5.8664
18.12.2019,Carsamba,19.12.2019,Persembe,USD,5.8991,5.9097
19.12.2019,Persembe,20.12.2019,Cuma,USD,5.9252,5.9359
20.12.2019,Cuma,21.12.2019,Cumartesi,USD,5.9115,5.9222
20.12.2019,Cuma,22.12.2019,Pazar,USD,5.9115,5.9222
20.12.2019,Cuma,23.12.2019,Pazartesi,USD,5.9115,5.9222
23.12.2019,Pazartesi,24.12.2019,Sali,USD,5.9291,5.9398
24.12.2019,Sali,25.12.2019,Carsamba,USD,5.9364,5.9471
25.12.2019,Carsamba,26.12.2019,Persembe,USD,5.9293,5.9400
26.12.2019,Persembe,27.12.2019,Cuma,USD,5.9302,5.9409
27.12.2019,Cuma,28.12.2019,Cumartesi,USD,5.9370,5.9477
27.12.2019,Cuma,29.12.2019,Pazar,USD,5.9370,5.9477
27.12.2019,Cuma,30.12.2019,Pazartesi,USD,5.9370,5.9477
30.12.2019,Pazartesi,31.12.2019,Sali,USD,5.9402,5.9509
31.12.2019,Sali,01.01.2020,Carsamba,USD,5.9400,5.9507
31.12.2019,Sali,02.01.2020,Persembe,USD,5.9400,5.9507
02.01.2020,Persembe,03.01.2020,Cuma,USD,5.9478,5.9585
03.01.2020,Cuma,04.01.2020,Cumartesi,USD,5.9627,5.9734
03.01.2020,Cuma,05.01.2020,Pazar,USD,5.9627,5.9734
03.01.2020,Cuma,06.01.2020,Pazartesi,USD,5.9627,5.9734
06.01.2020,Pazartesi,07.01.2020,Sali,USD,5.9658,5.9766
07.01.2020,Sali,08.01.2020,Carsamba,USD,5.9594,5.9701
08.01.2020,Carsamba,09.01.2020,Persembe,USD,5.9571,5.9679
09.01.2020,Persembe,10.01.2020,Cuma,USD,5.8810,5.8916
10.01.2020,Cuma,11.01.2020,Cumartesi,USD,5.8713,5.8819
10.01.2020,Cuma,12.01.2020,Pazar,USD,5.8713,5.8819
10.01.2020,Cuma,13.01.2020,Pazartesi,USD,5.8713,5.8819
13.01.2020,Pazartesi,14.01.2020,Sali,USD,5.8529,5.8635
14.01.2020,Sali,15.01.2020,Carsamba,USD,5.8811,5.8917
15.01.2020,Carsamba,16.01.2020,Persembe,USD,5.8827,5.8933
16.01.2020,Persembe,17.01.2020,Cuma,USD,5.8684,5.8790
17.01.2020,Cuma,18.01.2020,Cumartesi,USD,5.8564,5.8670
17.01.2020,Cuma,19.01.2020,Pazar,USD,5.8564,5.8670
17.01.2020,Cuma,20.01.2020,Pazartesi,USD,5.8564,5.8670
20.01.2020,Pazartesi,21.01.2020,Sali,USD,5.8979,5.9085
21.01.2020,Sali,22.01.2020,Carsamba,USD,5.9191,5.9297
22.01.2020,Carsamba,23.01.2020,Persembe,USD,5.9293,5.9400
23.01.2020,Persembe,24.01.2020,Cuma,USD,5.9152,5.9259
24.01.2020,Cuma,25.01.2020,Cumartesi,USD,5.9288,5.9394
24.01.2020,Cuma,26.01.2020,Pazar,USD,5.9288,5.9394
24.01.2020,Cuma,27.01.2020,Pazartesi,USD,5.9288,5.9394
27.01.2020,Pazartesi,28.01.2020,Sali,USD,5.9371,5.9478
28.01.2020,Sali,29.01.2020,Carsamba,USD,5.9334,5.9441
29.01.2020,Carsamba,30.01.2020,Persembe,USD,5.9405,5.9512
30.01.2020,Persembe,31.01.2020,Cuma,USD,5.9716,5.9824
31.01.2020,Cuma,01.02.2020,Cumartesi,USD,5.9726,5.9833
31.01.2020,Cuma,02.02.2020,Pazar,USD,5.9726,5.9833
31.01.2020,Cuma,03.02.2020,Pazartesi,USD,5.9726,5.9833
03.02.2020,Pazartesi,04.02.2020,Sali,USD,5.9755,5.9863
04.02.2020,Sali,05.02.2020,Carsamba,USD,5.9714,5.9822
05.02.2020,Carsamba,06.02.2020,Persembe,USD,5.9760,5.9867
06.02.2020,Persembe,07.02.2020,Cuma,USD,5.9783,5.9891
07.02.2020,Cuma,08.02.2020,Cumartesi,USD,5.9776,5.9884
07.02.2020,Cuma,09.02.2020,Pazar,USD,5.9776,5.9884
07.02.2020,Cuma,10.02.2020,Pazartesi,USD,5.9776,5.9884
10.02.2020,Pazartesi,11.02.2020,Sali,USD,5.9951,6.0059
11.02.2020,Sali,12.02.2020,Carsamba,USD,6.0271,6.0380
12.02.2020,Carsamba,13.02.2020,Persembe,USD,6.0215,6.0324
13.02.2020,Persembe,14.02.2020,Cuma,USD,6.0459,6.0568
14.02.2020,Cuma,15.02.2020,Cumartesi,USD,6.0470,6.0579
14.02.2020,Cuma,16.02.2020,Pazar,USD,6.0470,6.0579
14.02.2020,Cuma,17.02.2020,Pazartesi,USD,6.0470,6.0579
17.02.2020,Pazartesi,18.02.2020,Sali,USD,6.0351,6.0460
18.02.2020,Sali,19.02.2020,Carsamba,USD,6.0578,6.0687
19.02.2020,Carsamba,20.02.2020,Persembe,USD,6.0581,6.0690
20.02.2020,Persembe,21.02.2020,Cuma,USD,6.0824,6.0934
21.02.2020,Cuma,22.02.2020,Cumartesi,USD,6.1023,6.1133
21.02.2020,Cuma,23.02.2020,Pazar,USD,6.1023,6.1133
21.02.2020,Cuma,24.02.2020,Pazartesi,USD,6.1023,6.1133
24.02.2020,Pazartesi,25.02.2020,Sali,USD,6.1383,6.1494
25.02.2020,Sali,26.02.2020,Carsamba,USD,6.1218,6.1328
26.02.2020,Carsamba,27.02.2020,Persembe,USD,6.1463,6.1574
27.02.2020,Persembe,28.02.2020,Cuma,USD,6.1593,6.1704
28.02.2020,Cuma,29.02.2020,Cumartesi,USD,6.2259,6.2371
28.02.2020,Cuma,01.03.2020,Pazar,USD,6.2259,6.2371
28.02.2020,Cuma,02.03.2020,Pazartesi,USD,6.2259,6.2371
02.03.2020,Pazartesi,03.03.2020,Sali,USD,6.2192,6.2304
03.03.2020,Sali,04.03.2020,Carsamba,USD,6.1943,6.2055
04.03.2020,Carsamba,05.03.2020,Persembe,USD,6.0904,6.1014
05.03.2020,Persembe,06.03.2020,Cuma,USD,6.0772,6.0882
06.03.2020,Cuma,07.03.2020,Cumartesi,USD,6.0821,6.0930
06.03.2020,Cuma,08.03.2020,Pazar,USD,6.0821,6.0930
06.03.2020,Cuma,09.03.2020,Pazartesi,USD,6.0821,6.0930
09.03.2020,Pazartesi,10.03.2020,Sali,USD,6.1098,6.1208
10.03.2020,Sali,11.03.2020,Carsamba,USD,6.1151,6.1261
11.03.2020,Carsamba,12.03.2020,Persembe,USD,6.1502,6.1613
12.03.2020,Persembe,13.03.2020,Cuma,USD,6.2264,6.2376
13.03.2020,Cuma,14.03.2020,Cumartesi,USD,6.2711,6.2824
13.03.2020,Cuma,15.03.2020,Pazar,USD,6.2711,6.2824
13.03.2020,Cuma,16.03.2020,Pazartesi,USD,6.2711,6.2824
16.03.2020,Pazartesi,17.03.2020,Sali,USD,6.3628,6.3743
17.03.2020,Sali,18.03.2020,Carsamba,USD,6.4528,6.4644
18.03.2020,Carsamba,19.03.2020,Persembe,USD,6.4512,6.4628
19.03.2020,Persembe,20.03.2020,Cuma,USD,6.5154,6.5271
20.03.2020,Cuma,21.03.2020,Cumartesi,USD,6.4839,6.4956
20.03.2020,Cuma,22.03.2020,Pazar,USD,6.4839,6.4956
20.03.2020,Cuma,23.03.2020,Pazartesi,USD,6.4839,6.4956
23.03.2020,Pazartesi,24.03.2020,Sali,USD,6.5864,6.5983
24.03.2020,Sali,25.03.2020,Carsamba,USD,6.4943,6.5060
25.03.2020,Carsamba,26.03.2020,Persembe,USD,6.4024,6.4139
26.03.2020,Persembe,27.03.2020,Cuma,USD,6.4560,6.4676
27.03.2020,Cuma,28.03.2020,Cumartesi,USD,6.4346,6.4462
27.03.2020,Cuma,29.03.2020,Pazar,USD,6.4346,6.4462
27.03.2020,Cuma,30.03.2020,Pazartesi,USD,6.4346,6.4462
30.03.2020,Pazartesi,31.03.2020,Sali,USD,6.5160,6.5277
31.03.2020,Sali,01.04.2020,Carsamba,USD,6.5696,6.5815
01.04.2020,Carsamba,02.04.2020,Persembe,USD,6.6428,6.6548
02.04.2020,Persembe,03.04.2020,Cuma,USD,6.6672,6.6792
03.04.2020,Cuma,04.04.2020,Cumartesi,USD,6.6903,6.7024
03.04.2020,Cuma,05.04.2020,Pazar,USD,6.6903,6.7024
03.04.2020,Cuma,06.04.2020,Pazartesi,USD,6.6903,6.7024
06.04.2020,Pazartesi,07.04.2020,Sali,USD,6.7549,6.7671
07.04.2020,Sali,08.04.2020,Carsamba,USD,6.7375,6.7496
08.04.2020,Carsamba,09.04.2020,Persembe,USD,6.7705,6.7827
09.04.2020,Persembe,10.04.2020,Cuma,USD,6.7382,6.7504
10.04.2020,Cuma,11.04.2020,Cumartesi,USD,6.6877,6.6998
10.04.2020,Cuma,12.04.2020,Pazar,USD,6.6877,6.6998
10.04.2020,Cuma,13.04.2020,Pazartesi,USD,6.6877,6.6998
13.04.2020,Pazartesi,14.04.2020,Sali,USD,6.7618,6.7740
14.04.2020,Sali,15.04.2020,Carsamba,USD,6.7752,6.7874
15.04.2020,Carsamba,16.04.2020,Persembe,USD,6.8505,6.8628
16.04.2020,Persembe,17.04.2020,Cuma,USD,6.9073,6.9197
17.04.2020,Cuma,18.04.2020,Cumartesi,USD,6.9130,6.9255
17.04.2020,Cuma,19.04.2020,Pazar,USD,6.9130,6.9255
17.04.2020,Cuma,20.04.2020,Pazartesi,USD,6.9130,6.9255
20.04.2020,Pazartesi,21.04.2020,Sali,USD,6.9082,6.9207
21.04.2020,Sali,22.04.2020,Carsamba,USD,6.9593,6.9719
22.04.2020,Carsamba,23.04.2020,Persembe,USD,6.9708,6.9833
22.04.2020,Carsamba,24.04.2020,Cuma,USD,6.9708,6.9833
24.04.2020,Cuma,25.04.2020,Cumartesi,USD,6.9589,6.9715
24.04.2020,Cuma,26.04.2020,Pazar,USD,6.9589,6.9715
24.04.2020,Cuma,27.04.2020,Pazartesi,USD,6.9589,6.9715
27.04.2020,Pazartesi,28.04.2020,Sali,USD,6.9675,6.9801
28.04.2020,Sali,29.04.2020,Carsamba,USD,6.9881,7.0006
29.04.2020,Carsamba,30.04.2020,Persembe,USD,6.9787,6.9913
30.04.2020,Persembe,01.05.2020,Cuma,USD,6.9719,6.9845
30.04.2020,Persembe,02.05.2020,Cumartesi,USD,6.9719,6.9845
30.04.2020,Persembe,03.05.2020,Pazar,USD,6.9719,6.9845
30.04.2020,Persembe,04.05.2020,Pazartesi,USD,6.9719,6.9845
04.05.2020,Pazartesi,05.05.2020,Sali,USD,7.0151,7.0278
05.05.2020,Sali,06.05.2020,Carsamba,USD,7.0550,7.0677
06.05.2020,Carsamba,07.05.2020,Persembe,USD,7.1334,7.1463
07.05.2020,Persembe,08.05.2020,Cuma,USD,7.2209,7.2339
08.05.2020,Cuma,09.05.2020,Cumartesi,USD,7.0960,7.1088
08.05.2020,Cuma,10.05.2020,Pazar,USD,7.0960,7.1088
08.05.2020,Cuma,11.05.2020,Pazartesi,USD,7.0960,7.1088
11.05.2020,Pazartesi,12.05.2020,Sali,USD,7.0676,7.0803
12.05.2020,Sali,13.05.2020,Carsamba,USD,7.0121,7.0248
13.05.2020,Carsamba,14.05.2020,Persembe,USD,6.9789,6.9915
14.05.2020,Persembe,15.05.2020,Cuma,USD,6.9543,6.9668
15.05.2020,Cuma,16.05.2020,Cumartesi,USD,6.9041,6.9166
15.05.2020,Cuma,17.05.2020,Pazar,USD,6.9041,6.9166
15.05.2020,Cuma,18.05.2020,Pazartesi,USD,6.9041,6.9166
18.05.2020,Pazartesi,19.05.2020,Sali,USD,6.8596,6.8720
18.05.2020,Pazartesi,20.05.2020,Carsamba,USD,6.8596,6.8720
20.05.2020,Carsamba,21.05.2020,Persembe,USD,6.7841,6.7963
21.05.2020,Persembe,22.05.2020,Cuma,USD,6.7883,6.8005
22.05.2020,Cuma,23.05.2020,Cumartesi,USD,6.7917,6.8040
22.05.2020,Cuma,24.05.2020,Pazar,USD,6.7917,6.8040
22.05.2020,Cuma,25.05.2020,Pazartesi,USD,6.7917,6.8040
22.05.2020,Cuma,26.05.2020,Sali,USD,6.7917,6.8040
22.05.2020,Cuma,27.05.2020,Carsamba,USD,6.7917,6.8040
27.05.2020,Carsamba,28.05.2020,Persembe,USD,6.7607,6.7729
28.05.2020,Persembe,29.05.2020,Cuma,USD,6.7894,6.8016
29.05.2020,Cuma,30.05.2020,Cumartesi,USD,6.8138,6.8260
29.05.2020,Cuma,31.05.2020,Pazar,USD,6.8138,6.8260
29.05.2020,Cuma,01.06.2020,Pazartesi,USD,6.8138,6.8260
01.06.2020,Pazartesi,02.06.2020,Sali,USD,6.8059,6.8181
02.06.2020,Sali,03.06.2020,Carsamba,USD,6.7817,6.7939
03.06.2020,Carsamba,04.06.2020,Persembe,USD,6.7308,6.7429
04.06.2020,Persembe,05.06.2020,Cuma,USD,6.7476,6.7598
05.06.2020,Cuma,06.06.2020,Cumartesi,USD,6.7573,6.7695
05.06.2020,Cuma,07.06.2020,Pazar,USD,6.7573,6.7695
05.06.2020,Cuma,08.06.2020,Pazartesi,USD,6.7573,6.7695
08.06.2020,Pazartesi,09.06.2020,Sali,USD,6.7714,6.7836
09.06.2020,Sali,10.06.2020,Carsamba,USD,6.7828,6.7951
10.06.2020,Carsamba,11.06.2020,Persembe,USD,6.7777,6.7899
11.06.2020,Persembe,12.06.2020,Cuma,USD,6.7827,6.7949
12.06.2020,Cuma,13.06.2020,Cumartesi,USD,6.8142,6.8265
12.06.2020,Cuma,14.06.2020,Pazar,USD,6.8142,6.8265
12.06.2020,Cuma,15.06.2020,Pazartesi,USD,6.8142,6.8265
15.06.2020,Pazartesi,16.06.2020,Sali,USD,6.8220,6.8343
16.06.2020,Sali,17.06.2020,Carsamba,USD,6.8254,6.8377
17.06.2020,Carsamba,18.06.2020,Persembe,USD,6.8333,6.8456
18.06.2020,Persembe,19.06.2020,Cuma,USD,6.8450,6.8573
19.06.2020,Cuma,20.06.2020,Cumartesi,USD,6.8440,6.8563
19.06.2020,Cuma,21.06.2020,Pazar,USD,6.8440,6.8563
19.06.2020,Cuma,22.06.2020,Pazartesi,USD,6.8440,6.8563
22.06.2020,Pazartesi,23.06.2020,Sali,USD,6.8422,6.8545
23.06.2020,Sali,24.06.2020,Carsamba,USD,6.8440,6.8563
24.06.2020,Carsamba,25.06.2020,Persembe,USD,6.8452,6.8575
25.06.2020,Persembe,26.06.2020,Cuma,USD,6.8434,6.8558
26.06.2020,Cuma,27.06.2020,Cumartesi,USD,6.8417,6.8540
26.06.2020,Cuma,28.06.2020,Pazar,USD,6.8417,6.8540
26.06.2020,Cuma,29.06.2020,Pazartesi,USD,6.8417,6.8540
29.06.2020,Pazartesi,30.06.2020,Sali,USD,6.8422,6.8545
30.06.2020,Sali,01.07.2020,Carsamba,USD,6.8432,6.8555
01.07.2020,Carsamba,02.07.2020,Persembe,USD,6.8432,6.8555
02.07.2020,Persembe,03.07.2020,Cuma,USD,6.8428,6.8552
03.07.2020,Cuma,04.07.2020,Cumartesi,USD,6.8422,6.8545
03.07.2020,Cuma,05.07.2020,Pazar,USD,6.8422,6.8545
03.07.2020,Cuma,06.07.2020,Pazartesi,USD,6.8422,6.8545
06.07.2020,Pazartesi,07.07.2020,Sali,USD,6.8467,6.8590
07.07.2020,Sali,08.07.2020,Carsamba,USD,6.8519,6.8642
08.07.2020,Carsamba,09.07.2020,Persembe,USD,6.8523,6.8647
09.07.2020,Persembe,10.07.2020,Cuma,USD,6.8530,6.8654
10.07.2020,Cuma,11.07.2020,Cumartesi,USD,6.8514,6.8638
10.07.2020,Cuma,12.07.2020,Pazar,USD,6.8514,6.8638
10.07.2020,Cuma,13.07.2020,Pazartesi,USD,6.8514,6.8638
13.07.2020,Pazartesi,14.07.2020,Sali,USD,6.8528,6.8652
14.07.2020,Sali,15.07.2020,Carsamba,USD,6.8524,6.8648
14.07.2020,Sali,16.07.2020,Persembe,USD,6.8524,6.8648
16.07.2020,Persembe,17.07.2020,Cuma,USD,6.8450,6.8573
17.07.2020,Cuma,18.07.2020,Cumartesi,USD,6.8439,6.8563
17.07.2020,Cuma,19.07.2020,Pazar,USD,6.8439,6.8563
17.07.2020,Cuma,20.07.2020,Pazartesi,USD,6.8439,6.8563
20.07.2020,Pazartesi,21.07.2020,Sali,USD,6.8438,6.8562
21.07.2020,Sali,22.07.2020,Carsamba,USD,6.8429,6.8553
22.07.2020,Carsamba,23.07.2020,Persembe,USD,6.8372,6.8495
23.07.2020,Persembe,24.07.2020,Cuma,USD,6.8348,6.8471
24.07.2020,Cuma,25.07.2020,Cumartesi,USD,6.8353,6.8476
24.07.2020,Cuma,26.07.2020,Pazar,USD,6.8353,6.8476
24.07.2020,Cuma,27.07.2020,Pazartesi,USD,6.8353,6.8476
27.07.2020,Pazartesi,28.07.2020,Sali,USD,6.8364,6.8487
28.07.2020,Sali,29.07.2020,Carsamba,USD,6.8846,6.8970
29.07.2020,Carsamba,30.07.2020,Persembe,USD,6.9372,6.9497
29.07.2020,Carsamba,31.07.2020,Cuma,USD,6.9372,6.9497
29.07.2020,Carsamba,01.08.2020,Cumartesi,USD,6.9372,6.9497
29.07.2020,Carsamba,02.08.2020,Pazar,USD,6.9372,6.9497
29.07.2020,Carsamba,03.08.2020,Pazartesi,USD,6.9372,6.9497
29.07.2020,Carsamba,04.08.2020,Sali,USD,6.9372,6.9497
04.08.2020,Sali,05.08.2020,Carsamba,USD,6.9334,6.9459
05.08.2020,Carsamba,06.08.2020,Persembe,USD,6.9872,6.9998
06.08.2020,Persembe,07.08.2020,Cuma,USD,7.1593,7.1722
07.08.2020,Cuma,08.08.2020,Cumartesi,USD,7.2661,7.2792
07.08.2020,Cuma,09.08.2020,Pazar,USD,7.2661,7.2792
07.08.2020,Cuma,10.08.2020,Pazartesi,USD,7.2661,7.2792
10.08.2020,Pazartesi,11.08.2020,Sali,USD,7.2996,7.3128
11.08.2020,Sali,12.08.2020,Carsamba,USD,7.2483,7.2613
12.08.2020,Carsamba,13.08.2020,Persembe,USD,7.2865,7.2996
13.08.2020,Persembe,14.08.2020,Cuma,USD,7.3147,7.3278
14.08.2020,Cuma,15.08.2020,Cumartesi,USD,7.3445,7.3577
14.08.2020,Cuma,16.08.2020,Pazar,USD,7.3445,7.3577
14.08.2020,Cuma,17.08.2020,Pazartesi,USD,7.3445,7.3577
17.08.2020,Pazartesi,18.08.2020,Sali,USD,7.3677,7.3810
18.08.2020,Sali,19.08.2020,Carsamba,USD,7.3679,7.3812
19.08.2020,Carsamba,20.08.2020,Persembe,USD,7.3477,7.3609
20.08.2020,Persembe,21.08.2020,Cuma,USD,7.2952,7.3083
21.08.2020,Cuma,22.08.2020,Cumartesi,USD,7.2156,7.2286
21.08.2020,Cuma,23.08.2020,Pazar,USD,7.2156,7.2286
21.08.2020,Cuma,24.08.2020,Pazartesi,USD,7.2156,7.2286
24.08.2020,Pazartesi,25.08.2020,Sali,USD,7.3372,7.3504
25.08.2020,Sali,26.08.2020,Carsamba,USD,7.3674,7.3807
26.08.2020,Carsamba,27.08.2020,Persembe,USD,7.3459,7.3591
27.08.2020,Persembe,28.08.2020,Cuma,USD,7.3174,7.3306
28.08.2020,Cuma,29.08.2020,Cumartesi,USD,7.3050,7.3182
28.08.2020,Cuma,30.08.2020,Pazar,USD,7.3050,7.3182
28.08.2020,Cuma,31.08.2020,Pazartesi,USD,7.3050,7.3182
31.08.2020,Pazartesi,01.09.2020,Sali,USD,7.3261,7.3393
01.09.2020,Sali,02.09.2020,Carsamba,USD,7.3421,7.3553
02.09.2020,Carsamba,03.09.2020,Persembe,USD,7.3563,7.3696
03.09.2020,Persembe,04.09.2020,Cuma,USD,7.3994,7.4127
04.09.2020,Cuma,05.09.2020,Cumartesi,USD,7.4133,7.4267
04.09.2020,Cuma,06.09.2020,Pazar,USD,7.4133,7.4267
04.09.2020,Cuma,07.09.2020,Pazartesi,USD,7.4133,7.4267
07.09.2020,Pazartesi,08.09.2020,Sali,USD,7.4349,7.4483
08.09.2020,Sali,09.09.2020,Carsamba,USD,7.4537,7.4672
09.09.2020,Carsamba,10.09.2020,Persembe,USD,7.4670,7.4805
10.09.2020,Persembe,11.09.2020,Cuma,USD,7.4553,7.4688
11.09.2020,Cuma,12.09.2020,Cumartesi,USD,7.4396,7.4530
11.09.2020,Cuma,13.09.2020,Pazar,USD,7.4396,7.4530
11.09.2020,Cuma,14.09.2020,Pazartesi,USD,7.4396,7.4530
14.09.2020,Pazartesi,15.09.2020,Sali,USD,7.4689,7.4823
15.09.2020,Sali,16.09.2020,Carsamba,USD,7.4668,7.4803
16.09.2020,Carsamba,17.09.2020,Persembe,USD,7.4678,7.4812
17.09.2020,Persembe,18.09.2020,Cuma,USD,7.5152,7.5287
18.09.2020,Cuma,19.09.2020,Cumartesi,USD,7.5344,7.5480
18.09.2020,Cuma,20.09.2020,Pazar,USD,7.5344,7.5480
18.09.2020,Cuma,21.09.2020,Pazartesi,USD,7.5344,7.5480
21.09.2020,Pazartesi,22.09.2020,Sali,USD,7.5720,7.5857
22.09.2020,Sali,23.09.2020,Carsamba,USD,7.6251,7.6389
23.09.2020,Carsamba,24.09.2020,Persembe,USD,7.6570,7.6708
24.09.2020,Persembe,25.09.2020,Cuma,USD,7.6630,7.6768
25.09.2020,Cuma,26.09.2020,Cumartesi,USD,7.5546,7.5682
25.09.2020,Cuma,27.09.2020,Pazar,USD,7.5546,7.5682
25.09.2020,Cuma,28.09.2020,Pazartesi,USD,7.5546,7.5682
28.09.2020,Pazartesi,29.09.2020,Sali,USD,7.7507,7.7647
29.09.2020,Sali,30.09.2020,Carsamba,USD,7.8080,7.8221
30.09.2020,Carsamba,01.10.2020,Persembe,USD,7.7522,7.7662
01.10.2020,Persembe,02.10.2020,Cuma,USD,7.6946,7.7085
02.10.2020,Cuma,03.10.2020,Cumartesi,USD,7.7288,7.7427
02.10.2020,Cuma,04.10.2020,Pazar,USD,7.7288,7.7427
02.10.2020,Cuma,05.10.2020,Pazartesi,USD,7.7288,7.7427
05.10.2020,Pazartesi,06.10.2020,Sali,USD,7.7307,7.7446
06.10.2020,Sali,07.10.2020,Carsamba,USD,7.7452,7.7591
07.10.2020,Carsamba,08.10.2020,Persembe,USD,7.8267,7.8408
08.10.2020,Persembe,09.10.2020,Cuma,USD,7.8931,7.9073
09.10.2020,Cuma,10.10.2020,Cumartesi,USD,7.9072,7.9215
09.10.2020,Cuma,11.10.2020,Pazar,USD,7.9072,7.9215
09.10.2020,Cuma,12.10.2020,Pazartesi,USD,7.9072,7.9215
12.10.2020,Pazartesi,13.10.2020,Sali,USD,7.8673,7.8815
13.10.2020,Sali,14.10.2020,Carsamba,USD,7.8778,7.8920
14.10.2020,Carsamba,15.10.2020,Persembe,USD,7.9205,7.9348
15.10.2020,Persembe,16.10.2020,Cuma,USD,7.9116,7.9259
16.10.2020,Cuma,17.10.2020,Cumartesi,USD,7.9129,7.9272
16.10.2020,Cuma,18.10.2020,Pazar,USD,7.9129,7.9272
16.10.2020,Cuma,19.10.2020,Pazartesi,USD,7.9129,7.9272
19.10.2020,Pazartesi,20.10.2020,Sali,USD,7.8778,7.8920
20.10.2020,Sali,21.10.2020,Carsamba,USD,7.8761,7.8903
21.10.2020,Carsamba,22.10.2020,Persembe,USD,7.8179,7.8320
22.10.2020,Persembe,23.10.2020,Cuma,USD,7.8025,7.8166
23.10.2020,Cuma,24.10.2020,Cumartesi,USD,7.9379,7.9522
23.10.2020,Cuma,25.10.2020,Pazar,USD,7.9379,7.9522
23.10.2020,Cuma,26.10.2020,Pazartesi,USD,7.9379,7.9522
26.10.2020,Pazartesi,27.10.2020,Sali,USD,8.0285,8.0429
27.10.2020,Sali,28.10.2020,Carsamba,USD,8.1211,8.1357
27.10.2020,Sali,29.10.2020,Persembe,USD,8.1211,8.1357
27.10.2020,Sali,30.10.2020,Cuma,USD,8.1211,8.1357
30.10.2020,Cuma,31.10.2020,Cumartesi,USD,8.3082,8.3232
30.10.2020,Cuma,01.11.2020,Pazar,USD,8.3082,8.3232
30.10.2020,Cuma,02.11.2020,Pazartesi,USD,8.3082,8.3232
02.11.2020,Pazartesi,03.11.2020,Sali,USD,8.3760,8.3911
03.11.2020,Sali,04.11.2020,Carsamba,USD,8.4546,8.4698
04.11.2020,Carsamba,05.11.2020,Persembe,USD,8.4553,8.4705
05.11.2020,Persembe,06.11.2020,Cuma,USD,8.4417,8.4569
06.11.2020,Cuma,07.11.2020,Cumartesi,USD,8.4613,8.4765
06.11.2020,Cuma,08.11.2020,Pazar,USD,8.4613,8.4765
06.11.2020,Cuma,09.11.2020,Pazartesi,USD,8.4613,8.4765
09.11.2020,Pazartesi,10.11.2020,Sali,USD,8.1778,8.1926
10.11.2020,Sali,11.11.2020,Carsamba,USD,8.2358,8.2507
11.11.2020,Carsamba,12.11.2020,Persembe,USD,8.0477,8.0622
12.11.2020,Persembe,13.11.2020,Cuma,USD,7.7896,7.8037
13.11.2020,Cuma,14.11.2020,Cumartesi,USD,7.6297,7.6435
13.11.2020,Cuma,15.11.2020,Pazar,USD,7.6297,7.6435
13.11.2020,Cuma,16.11.2020,Pazartesi,USD,7.6297,7.6435
16.11.2020,Pazartesi,17.11.2020,Sali,USD,7.6751,7.6889
17.11.2020,Sali,18.11.2020,Carsamba,USD,7.7393,7.7533
18.11.2020,Carsamba,19.11.2020,Persembe,USD,7.7195,7.7334
19.11.2020,Persembe,20.11.2020,Cuma,USD,7.6699,7.6837
20.11.2020,Cuma,21.11.2020,Cumartesi,USD,7.5785,7.5922
20.11.2020,Cuma,22.11.2020,Pazar,USD,7.5785,7.5922
20.11.2020,Cuma,23.11.2020,Pazartesi,USD,7.5785,7.5922
23.11.2020,Pazartesi,24.11.2020,Sali,USD,7.7593,7.7733
24.11.2020,Sali,25.11.2020,Carsamba,USD,7.9170,7.9313
25.11.2020,Carsamba,26.11.2020,Persembe,USD,7.9415,7.9558
26.11.2020,Persembe,27.11.2020,Cuma,USD,7.8945,7.9088
27.11.2020,Cuma,28.11.2020,Cumartesi,USD,7.7975,7.8116
27.11.2020,Cuma,29.11.2020,Pazar,USD,7.7975,7.8116
27.11.2020,Cuma,30.11.2020,Pazartesi,USD,7.7975,7.8116
30.11.2020,Pazartesi,01.12.2020,Sali,USD,7.7892,7.8032
01.12.2020,Sali,02.12.2020,Carsamba,USD,7.8412,7.8553
02.12.2020,Carsamba,03.12.2020,Persembe,USD,7.8080,7.8221
03.12.2020,Persembe,04.12.2020,Cuma,USD,7.8472,7.8614
04.12.2020,Cuma,05.12.2020,Cumartesi,USD,7.7796,7.7936
04.12.2020,Cuma,06.12.2020,Pazar,USD,7.7796,7.7936
04.12.2020,Cuma,07.12.2020,Pazartesi,USD,7.7796,7.7936
07.12.2020,Pazartesi,08.12.2020,Sali,USD,7.8373,7.8514
08.12.2020,Sali,09.12.2020,Carsamba,USD,7.8087,7.8227
09.12.2020,Carsamba,10.12.2020,Persembe,USD,7.8203,7.8344
10.12.2020,Persembe,11.12.2020,Cuma,USD,7.8499,7.8640
11.12.2020,Cuma,12.12.2020,Cumartesi,USD,7.9349,7.9492
11.12.2020,Cuma,13.12.2020,Pazar,USD,7.9349,7.9492
11.12.2020,Cuma,14.12.2020,Pazartesi,USD,7.9349,7.9492
14.12.2020,Pazartesi,15.12.2020,Sali,USD,7.8699,7.8841
15.12.2020,Sali,16.12.2020,Carsamba,USD,7.8331,7.8473
16.12.2020,Carsamba,17.12.2020,Persembe,USD,7.7873,7.8013
17.12.2020,Persembe,18.12.2020,Cuma,USD,7.7510,7.7650
18.12.2020,Cuma,19.12.2020,Cumartesi,USD,7.6898,7.7036
18.12.2020,Cuma,20.12.2020,Pazar,USD,7.6898,7.7036
18.12.2020,Cuma,21.12.2020,Pazartesi,USD,7.6898,7.7036
21.12.2020,Pazartesi,22.12.2020,Sali,USD,7.6769,7.6907
22.12.2020,Sali,23.12.2020,Carsamba,USD,7.6368,7.6505
23.12.2020,Carsamba,24.12.2020,Persembe,USD,7.6321,7.6458
24.12.2020,Persembe,25.12.2020,Cuma,USD,7.6190,7.6327
25.12.2020,Cuma,26.12.2020,Cumartesi,USD,7.5517,7.5653
25.12.2020,Cuma,27.12.2020,Pazar,USD,7.5517,7.5653
25.12.2020,Cuma,28.12.2020,Pazartesi,USD,7.5517,7.5653
28.12.2020,Pazartesi,29.12.2020,Sali,USD,7.4738,7.4873
29.12.2020,Sali,30.12.2020,Carsamba,USD,7.4063,7.4197
30.12.2020,Carsamba,31.12.2020,Persembe,USD,7.3405,7.3537
31.12.2020,Persembe,01.01.2021,Cuma,USD,7.4194,7.4327
31.12.2020,Persembe,02.01.2021,Cumartesi,USD,7.4194,7.4327
31.12.2020,Persembe,03.01.2021,Pazar,USD,7.4194,7.4327
31.12.2020,Persembe,04.01.2021,Pazartesi,USD,7.4194,7.4327
04.01.2021,Pazartesi,05.01.2021,Sali,USD,7.3602,7.3734
05.01.2021,Sali,06.01.2021,Carsamba,USD,7.3866,7.3999
06.01.2021,Carsamba,07.01.2021,Persembe,USD,7.3300,7.3432
07.01.2021,Persembe,08.01.2021,Cuma,USD,7.2733,7.2864
08.01.2021,Cuma,09.01.2021,Cumartesi,USD,7.3490,7.3622
08.01.2021,Cuma,10.01.2021,Pazar,USD,7.3490,7.3622
08.01.2021,Cuma,11.01.2021,Pazartesi,USD,7.3490,7.3622
11.01.2021,Pazartesi,12.01.2021,Sali,USD,7.4431,7.4565
12.01.2021,Sali,13.01.2021,Carsamba,USD,7.4608,7.4743
13.01.2021,Carsamba,14.01.2021,Persembe,USD,7.4285,7.4419
14.01.2021,Persembe,15.01.2021,Cuma,USD,7.3885,7.4018
15.01.2021,Cuma,16.01.2021,Cumartesi,USD,7.3877,7.4010
15.01.2021,Cuma,17.01.2021,Pazar,USD,7.3877,7.4010
15.01.2021,Cuma,18.01.2021,Pazartesi,USD,7.3877,7.4010
18.01.2021,Pazartesi,19.01.2021,Sali,USD,7.4952,7.5087
19.01.2021,Sali,20.01.2021,Carsamba,USD,7.4485,7.4619
20.01.2021,Carsamba,21.01.2021,Persembe,USD,7.4367,7.4501
21.01.2021,Persembe,22.01.2021,Cuma,USD,7.3836,7.3969
22.01.2021,Cuma,23.01.2021,Cumartesi,USD,7.3985,7.4118
22.01.2021,Cuma,24.01.2021,Pazar,USD,7.3985,7.4118
22.01.2021,Cuma,25.01.2021,Pazartesi,USD,7.3985,7.4118
25.01.2021,Pazartesi,26.01.2021,Sali,USD,7.3797,7.3930
26.01.2021,Sali,27.01.2021,Carsamba,USD,7.3835,7.3968
27.01.2021,Carsamba,28.01.2021,Persembe,USD,7.3544,7.3676
28.01.2021,Persembe,29.01.2021,Cuma,USD,7.3723,7.3856
29.01.2021,Cuma,30.01.2021,Cumartesi,USD,7.3216,7.3348
29.01.2021,Cuma,31.01.2021,Pazar,USD,7.3216,7.3348
29.01.2021,Cuma,01.02.2021,Pazartesi,USD,7.3216,7.3348
01.02.2021,Pazartesi,02.02.2021,Sali,USD,7.2185,7.2315
02.02.2021,Sali,03.02.2021,Carsamba,USD,7.1372,7.1501
03.02.2021,Carsamba,04.02.2021,Persembe,USD,7.1498,7.1627
04.02.2021,Persembe,05.02.2021,Cuma,USD,7.1324,7.1453
05.02.2021,Cuma,06.02.2021,Cumartesi,USD,7.0789,7.0917
05.02.2021,Cuma,07.02.2021,Pazar,USD,7.0789,7.0917
05.02.2021,Cuma,08.02.2021,Pazartesi,USD,7.0789,7.0917
08.02.2021,Pazartesi,09.02.2021,Sali,USD,7.0663,7.0791
09.02.2021,Sali,10.02.2021,Carsamba,USD,7.0821,7.0949
10.02.2021,Carsamba,11.02.2021,Persembe,USD,7.0513,7.0640
11.02.2021,Persembe,12.02.2021,Cuma,USD,7.0404,7.0531
12.02.2021,Cuma,13.02.2021,Cumartesi,USD,7.0162,7.0288
12.02.2021,Cuma,14.02.2021,Pazar,USD,7.0162,7.0288
12.02.2021,Cuma,15.02.2021,Pazartesi,USD,7.0162,7.0288
15.02.2021,Pazartesi,16.02.2021,Sali,USD,6.9724,6.9850
16.02.2021,Sali,17.02.2021,Carsamba,USD,6.9150,6.9275
17.02.2021,Carsamba,18.02.2021,Persembe,USD,7.0040,7.0167
18.02.2021,Persembe,19.02.2021,Cuma,USD,6.9527,6.9652
19.02.2021,Cuma,20.02.2021,Cumartesi,USD,6.9611,6.9736
19.02.2021,Cuma,21.02.2021,Pazar,USD,6.9611,6.9736
19.02.2021,Cuma,22.02.2021,Pazartesi,USD,6.9611,6.9736
22.02.2021,Pazartesi,23.02.2021,Sali,USD,6.9940,7.0066
23.02.2021,Sali,24.02.2021,Carsamba,USD,7.0253,7.0380
24.02.2021,Carsamba,25.02.2021,Persembe,USD,7.1357,7.1485
25.02.2021,Persembe,26.02.2021,Cuma,USD,7.1924,7.2054
26.02.2021,Cuma,27.02.2021,Cumartesi,USD,7.3708,7.3841
26.02.2021,Cuma,28.02.2021,Pazar,USD,7.3708,7.3841
26.02.2021,Cuma,01.03.2021,Pazartesi,USD,7.3708,7.3841
01.03.2021,Pazartesi,02.03.2021,Sali,USD,7.3029,7.3160
02.03.2021,Sali,03.03.2021,Carsamba,USD,7.3117,7.3248
03.03.2021,Carsamba,04.03.2021,Persembe,USD,7.3391,7.3524
04.03.2021,Persembe,05.03.2021,Cuma,USD,7.4524,7.4659
05.03.2021,Cuma,06.03.2021,Cumartesi,USD,7.5096,7.5231
05.03.2021,Cuma,07.03.2021,Pazar,USD,7.5096,7.5231
05.03.2021,Cuma,08.03.2021,Pazartesi,USD,7.5096,7.5231
08.03.2021,Pazartesi,09.03.2021,Sali,USD,7.5939,7.6075
09.03.2021,Sali,10.03.2021,Carsamba,USD,7.6403,7.6540
10.03.2021,Carsamba,11.03.2021,Persembe,USD,7.5952,7.6088
11.03.2021,Persembe,12.03.2021,Cuma,USD,7.4446,7.4581
12.03.2021,Cuma,13.03.2021,Cumartesi,USD,7.5709,7.5846
12.03.2021,Cuma,14.03.2021,Pazar,USD,7.5709,7.5846
12.03.2021,Cuma,15.03.2021,Pazartesi,USD,7.5709,7.5846
15.03.2021,Pazartesi,16.03.2021,Sali,USD,7.5374,7.5510
16.03.2021,Sali,17.03.2021,Carsamba,USD,7.5041,7.5176
17.03.2021,Carsamba,18.03.2021,Persembe,USD,7.4980,7.5115
18.03.2021,Persembe,19.03.2021,Cuma,USD,7.4573,7.4708
19.03.2021,Cuma,20.03.2021,Cumartesi,USD,7.2670,7.2801
19.03.2021,Cuma,21.03.2021,Pazar,USD,7.2670,7.2801
19.03.2021,Cuma,22.03.2021,Pazartesi,USD,7.2670,7.2801
22.03.2021,Pazartesi,23.03.2021,Sali,USD,7.9040,7.9182
23.03.2021,Sali,24.03.2021,Carsamba,USD,7.8082,7.8222
24.03.2021,Carsamba,25.03.2021,Persembe,USD,7.9666,7.9809
25.03.2021,Persembe,26.03.2021,Cuma,USD,7.9409,7.9552
26.03.2021,Cuma,27.03.2021,Cumartesi,USD,7.9893,8.0037
26.03.2021,Cuma,28.03.2021,Pazar,USD,7.9893,8.0037
26.03.2021,Cuma,29.03.2021,Pazartesi,USD,7.9893,8.0037
29.03.2021,Pazartesi,30.03.2021,Sali,USD,8.1192,8.1338
30.03.2021,Sali,31.03.2021,Carsamba,USD,8.3260,8.3410
31.03.2021,Carsamba,01.04.2021,Persembe,USD,8.3258,8.3408
01.04.2021,Persembe,02.04.2021,Cuma,USD,8.1707,8.1854
02.04.2021,Cuma,03.04.2021,Cumartesi,USD,8.0362,8.0506
02.04.2021,Cuma,04.04.2021,Pazar,USD,8.0362,8.0506
02.04.2021,Cuma,05.04.2021,Pazartesi,USD,8.0362,8.0506
05.04.2021,Pazartesi,06.04.2021,Sali,USD,8.1394,8.1540
06.04.2021,Sali,07.04.2021,Carsamba,USD,8.1441,8.1588
07.04.2021,Carsamba,08.04.2021,Persembe,USD,8.1688,8.1836
08.04.2021,Persembe,09.04.2021,Cuma,USD,8.1518,8.1665
09.04.2021,Cuma,10.04.2021,Cumartesi,USD,8.1383,8.1530
09.04.2021,Cuma,11.04.2021,Pazar,USD,8.1383,8.1530
09.04.2021,Cuma,12.04.2021,Pazartesi,USD,8.1383,8.1530
12.04.2021,Pazartesi,13.04.2021,Sali,USD,8.1681,8.1828
13.04.2021,Sali,14.04.2021,Carsamba,USD,8.1383,8.1530
14.04.2021,Carsamba,15.04.2021,Persembe,USD,8.0729,8.0875
15.04.2021,Persembe,16.04.2021,Cuma,USD,8.0567,8.0712
16.04.2021,Cuma,17.04.2021,Cumartesi,USD,8.0574,8.0719
16.04.2021,Cuma,18.04.2021,Pazar,USD,8.0574,8.0719
16.04.2021,Cuma,19.04.2021,Pazartesi,USD,8.0574,8.0719
19.04.2021,Pazartesi,20.04.2021,Sali,USD,8.0514,8.0659
20.04.2021,Sali,21.04.2021,Carsamba,USD,8.1011,8.1157
21.04.2021,Carsamba,22.04.2021,Persembe,USD,8.1433,8.1580