;start;stop;termik1Motor;termik2Motor;motor1anaKontaktör;motor1yildizKontaktor;motor1ucgenKontaktor;motor2anaKontaktör;motor2yildizKontaktor;motor2ucgenKontaktor;sistemHazyrLambasy;motor1yildizUcgenGecisZaman;motor2yildizUcgenGecisZaman
zaman;M0.0;M0.1;M0.2;M0.3;Q0.0;Q0.1;Q0.2;Q0.3;Q0.4;Q0.5;Q0.6;MD100;MD104
10:09:54.463;0;0;0;0;0;0;0;0;0;0;0;0;0
10:09:54.630;0;0;0;0;0;0;0;0;0;0;0;0;0
10:09:54.764;0;0;0;0;0;0;0;0;0;0;0;0;0
10:09:54.887;0;0;0;0;0;0;0;0;0;0;0;0;0
10:09:55.030;0;0;0;0;0;0;0;0;0;0;0;0;0
10:09:55.157;0;0;0;0;0;0;0;0;0;0;0;0;0
10:09:55.309;0;0;0;0;0;0;0;0;0;0;0;0;0
10:09:55.449;0;0;0;0;0;0;0;0;0;0;0;0;0
10:09:55.571;0;0;0;0;0;0;0;0;0;0;0;0;0
10:09:55.727;0;0;0;0;0;0;0;0;0;0;0;0;0
10:09:55.855;0;0;0;0;0;0;0;0;0;0;0;0;0
10:09:55.973;0;0;0;0;0;0;0;0;0;0;0;0;0
10:09:56.117;0;0;0;0;0;0;0;0;0;0;0;0;0
10:09:56.232;0;0;0;0;0;0;0;0;0;0;0;0;0
10:09:56.370;0;0;0;0;0;0;0;0;0;0;0;0;0
10:09:56.604;0;0;0;0;0;0;0;0;0;0;0;0;0
10:09:56.812;0;0;0;0;0;0;0;0;0;0;0;0;0
10:09:56.996;0;0;0;0;0;0;0;0;0;0;0;0;0
10:09:57.146;0;0;0;0;0;0;0;0;0;0;0;0;0
10:09:57.329;0;0;0;0;0;0;0;0;0;0;0;0;0
10:09:57.496;0;0;0;0;0;0;0;0;0;0;0;0;0
10:09:57.670;0;0;0;0;0;0;0;0;0;0;0;0;0
10:09:57.840;0;0;0;0;0;0;0;0;0;0;0;0;0
10:09:57.967;0;0;0;0;0;0;0;0;0;0;0;0;0
10:09:58.126;0;0;0;0;0;0;0;0;0;0;0;0;0
10:09:58.296;0;0;0;0;0;0;0;0;0;0;0;0;0
10:09:58.397;0;0;0;0;0;0;0;0;0;0;0;0;0
10:09:58.543;0;0;0;0;0;0;0;0;0;0;0;0;0
10:09:58.776;0;0;0;0;0;0;0;0;0;0;0;0;0
10:09:58.937;0;0;0;0;0;0;0;0;0;0;0;0;0
10:09:59.059;0;0;0;0;0;0;0;0;0;0;0;0;0
10:09:59.163;0;0;0;0;0;0;0;0;0;0;0;0;0
10:09:59.286;0;0;0;0;0;0;0;0;0;0;0;0;0
10:09:59.382;0;0;0;0;0;0;0;0;0;0;0;0;0
10:09:59.479;0;0;0;0;0;0;0;0;0;0;0;0;0
10:09:59.631;0;0;0;0;0;0;0;0;0;0;0;0;0
10:09:59.733;0;0;0;0;0;0;0;0;0;0;0;0;0
10:09:59.860;0;0;0;0;0;0;0;0;0;0;0;0;0
10:09:59.961;0;0;0;0;0;0;0;0;0;0;0;0;0
10:10:00.102;0;0;0;0;0;0;0;0;0;0;0;0;0
10:10:00.222;0;0;0;0;0;0;0;0;0;0;0;0;0
10:10:00.319;0;0;0;0;0;0;0;0;0;0;0;0;0
10:10:00.425;0;0;0;0;0;0;0;0;0;0;0;0;0
10:10:00.554;0;0;0;0;0;0;0;0;0;0;0;0;0
10:10:00.658;0;0;0;0;0;0;0;0;0;0;0;0;0
10:10:00.772;0;0;0;0;0;0;0;0;0;0;0;0;0
10:10:00.880;0;0;0;0;0;0;0;0;0;0;0;0;0
10:10:01.008;0;0;0;0;0;0;0;0;0;0;0;0;0
10:10:01.138;0;0;0;0;0;0;0;0;0;0;0;0;0
10:10:01.292;1;0;0;0;1;1;0;0;0;0;0;110;0
10:10:01.465;1;0;0;0;1;1;0;0;0;0;0;282;0
10:10:01.683;1;0;0;0;1;1;0;0;0;0;0;492;0
10:10:01.839;1;0;0;0;1;1;0;0;0;0;0;638;0
10:10:01.935;1;0;0;0;1;1;0;0;0;0;0;734;0
10:10:02.054;1;0;0;0;1;1;0;0;0;0;0;854;0
10:10:02.141;1;0;0;0;1;1;0;0;0;0;0;947;0
10:10:02.246;1;0;0;0;1;1;0;0;0;0;0;1043;0
10:10:02.332;1;0;0;0;1;1;0;0;0;0;0;1137;0
10:10:02.436;1;0;0;0;1;1;0;0;0;0;0;1233;0
10:10:02.552;1;0;0;0;1;1;0;0;0;0;0;1369;0
10:10:02.669;1;0;0;0;1;1;0;0;0;0;0;1467;0
10:10:02.760;1;0;0;0;1;1;0;0;0;0;0;1574;0
10:10:02.868;1;0;0;0;1;1;0;0;0;0;0;1681;0
10:10:02.998;1;0;0;0;1;1;0;0;0;0;0;1798;0
10:10:03.136;1;0;0;0;1;1;0;0;0;0;0;1936;0
10:10:03.268;1;0;0;0;1;1;0;0;0;0;0;2068;0
10:10:03.390;1;0;0;0;1;1;0;0;0;0;0;2187;0
10:10:03.502;1;0;0;0;1;1;0;0;0;0;0;2307;0
10:10:03.628;1;0;0;0;1;1;0;0;0;0;0;2425;0
10:10:03.746;1;0;0;0;1;1;0;0;0;0;0;2562;0
10:10:03.859;1;0;0;0;1;1;0;0;0;0;0;2656;0
10:10:03.953;1;0;0;0;1;1;0;0;0;0;0;2750;0
10:10:04.041;1;0;0;0;1;1;0;0;0;0;0;2838;0
10:10:04.167;1;0;0;0;1;1;0;0;0;0;0;2976;0
10:10:04.262;1;0;0;0;1;1;0;0;0;0;0;3070;0
10:10:04.375;1;0;0;0;1;1;0;0;0;0;0;3176;0
10:10:04.477;1;0;0;0;1;1;0;0;0;0;0;3280;0
10:10:04.587;1;0;0;0;1;1;0;0;0;0;0;3387;0
10:10:04.728;1;0;0;0;1;1;0;0;0;0;0;3533;0
10:10:04.831;0;0;0;0;1;1;0;0;0;0;0;3642;0
10:10:04.945;0;0;0;0;1;1;0;0;0;0;0;3769;0
10:10:05.057;0;0;0;0;1;1;0;0;0;0;0;3892;0
10:10:05.212;0;0;0;0;1;0;1;1;1;0;0;0;14
10:10:05.304;0;0;0;0;1;0;1;1;1;0;0;0;123
10:10:05.421;0;0;0;0;1;0;1;1;1;0;0;0;220
10:10:05.505;0;0;0;0;1;0;1;1;1;0;0;0;326
10:10:05.640;0;0;0;0;1;0;1;1;1;0;0;0;438
10:10:05.726;0;0;0;0;1;0;1;1;1;0;0;0;537
10:10:05.839;0;0;0;0;1;0;1;1;1;0;0;0;657
10:10:05.943;0;0;0;0;1;0;1;1;1;0;0;0;750
10:10:06.038;0;0;0;0;1;0;1;1;1;0;0;0;833
10:10:06.148;0;0;0;0;1;0;1;1;1;0;0;0;950
10:10:06.244;0;0;0;0;1;0;1;1;1;0;0;0;1044
10:10:06.337;0;0;0;0;1;0;1;1;1;0;0;0;1133
10:10:06.441;0;0;0;0;1;0;1;1;1;0;0;0;1242
10:10:06.554;0;0;0;0;1;0;1;1;1;0;0;0;1361
10:10:06.665;0;0;0;0;1;0;1;1;1;0;0;0;1481
10:10:06.777;0;0;0;0;1;0;1;1;1;0;0;0;1575
10:10:06.879;0;0;0;0;1;0;1;1;1;0;0;0;1697
10:10:06.999;0;0;0;0;1;0;1;1;1;0;0;0;1822
10:10:07.135;0;0;0;0;1;0;1;1;1;0;0;0;1931
10:10:07.229;0;0;0;0;1;0;1;1;1;0;0;0;2051
10:10:07.350;0;0;0;0;1;0;1;1;1;0;0;0;2152
10:10:07.455;0;0;0;0;1;0;1;1;1;0;0;0;2254
10:10:07.546;0;0;0;0;1;0;1;1;1;0;0;0;2347
10:10:07.686;0;0;0;0;1;0;1;1;1;0;0;0;2514
10:10:07.809;0;0;0;0;1;0;1;1;1;0;0;0;2607
10:10:07.919;0;0;0;0;1;0;1;1;1;0;0;0;2721
10:10:08.019;0;0;0;0;1;0;1;1;1;0;0;0;2826
10:10:08.123;0;0;0;0;1;0;1;1;1;0;0;0;2922
10:10:08.233;0;0;0;0;1;0;1;1;1;0;0;0;3031
10:10:08.327;0;0;0;0;1;0;1;1;1;0;0;0;3138
10:10:08.449;0;0;0;0;1;0;1;1;1;0;0;0;3249
10:10:08.540;0;0;0;0;1;0;1;1;1;0;0;0;3354
10:10:08.678;0;0;0;0;1;0;1;1;1;0;0;0;3479
10:10:08.778;0;0;0;0;1;0;1;1;1;0;0;0;3585
10:10:08.884;0;0;0;0;1;0;1;1;1;0;0;0;3686
10:10:08.998;0;0;0;0;1;0;1;1;1;0;0;0;3796
10:10:09.091;0;0;0;0;1;0;1;1;1;0;0;0;3907
10:10:09.229;0;0;0;0;1;0;1;1;0;1;1;0;0
10:10:09.327;0;0;0;0;1;0;1;1;0;1;1;0;0
10:10:09.449;0;0;0;0;1;0;1;1;0;1;1;0;0
10:10:09.540;0;0;0;0;1;0;1;1;0;1;1;0;0
10:10:09.667;0;0;0;0;1;0;1;1;0;1;1;0;0
10:10:09.762;0;0;0;0;1;0;1;1;0;1;1;0;0
10:10:09.886;0;0;0;0;1;0;1;1;0;1;1;0;0
10:10:09.988;0;0;0;0;1;0;1;1;0;1;1;0;0
10:10:10.092;0;0;0;0;1;0;1;1;0;1;1;0;0
10:10:10.210;0;0;0;0;1;0;1;1;0;1;1;0;0
10:10:10.308;0;0;0;0;1;0;1;1;0;1;1;0;0
10:10:10.430;0;0;0;0;1;0;1;1;0;1;1;0;0
10:10:10.531;0;0;0;0;1;0;1;1;0;1;1;0;0
10:10:10.652;0;0;0;0;1;0;1;1;0;1;1;0;0
10:10:10.764;0;0;0;0;1;0;1;1;0;1;1;0;0
10:10:10.880;0;0;0;0;1;0;1;1;0;1;1;0;0
10:10:10.977;0;0;0;0;1;0;1;1;0;1;1;0;0
10:10:11.079;0;0;0;0;1;0;1;1;0;1;1;0;0
10:10:11.190;0;0;0;0;1;0;1;1;0;1;1;0;0
10:10:11.300;0;0;0;0;1;0;1;1;0;1;1;0;0
10:10:11.394;0;0;0;0;1;0;1;1;0;1;1;0;0
10:10:11.507;0;0;0;0;1;0;1;1;0;1;1;0;0
10:10:11.604;0;0;0;0;1;0;1;1;0;1;1;0;0
10:10:11.711;0;0;0;0;1;0;1;1;0;1;1;0;0
10:10:11.835;0;0;0;0;1;0;1;1;0;1;1;0;0
10:10:11.953;0;0;0;0;1;0;1;1;0;1;1;0;0
10:10:12.048;0;0;0;0;1;0;1;1;0;1;1;0;0
10:10:12.194;0;0;0;0;1;0;1;1;0;1;1;0;0
10:10:12.325;0;0;0;0;1;0;1;1;0;1;1;0;0
10:10:12.436;0;0;0;0;1;0;1;1;0;1;1;0;0
10:10:12.570;0;0;0;0;1;0;1;1;0;1;1;0;0
10:10:12.683;0;0;0;0;1;0;1;1;0;1;1;0;0
10:10:12.786;0;0;0;0;1;0;1;1;0;1;1;0;0
10:10:12.925;0;0;0;0;1;0;1;1;0;1;1;0;0
10:10:13.057;0;0;0;0;1;0;1;1;0;1;1;0;0
10:10:13.168;0;0;0;0;1;0;1;1;0;1;1;0;0
10:10:13.267;0;0;0;0;1;0;1;1;0;1;1;0;0
10:10:13.402;0;0;0;0;1;0;1;1;0;1;1;0;0
10:10:13.501;0;0;0;0;1;0;1;1;0;1;1;0;0
10:10:13.666;0;0;0;0;1;0;1;1;0;1;1;0;0
10:10:13.803;0;0;0;0;1;0;1;1;0;1;1;0;0
10:10:13.901;0;0;0;0;1;0;1;1;0;1;1;0;0
10:10:14.022;0;0;0;0;1;0;1;1;0;1;1;0;0
10:10:14.129;0;0;0;0;1;0;1;1;0;1;1;0;0
10:10:14.294;0;0;0;0;1;0;1;1;0;1;1;0;0
10:10:14.394;0;0;0;0;1;0;1;1;0;1;1;0;0
10:10:14.492;0;0;0;0;1;0;1;1;0;1;1;0;0
10:10:14.621;0;0;0;0;1;0;1;1;0;1;1;0;0
10:10:14.725;0;0;0;0;1;0;1;1;0;1;1;0;0
10:10:14.829;0;0;0;0;1;0;1;1;0;1;1;0;0
10:10:14.973;0;0;0;0;1;0;1;1;0;1;1;0;0
10:10:15.069;0;0;0;0;1;0;1;1;0;1;1;0;0
10:10:15.182;0;0;0;0;1;0;1;1;0;1;1;0;0
10:10:15.311;0;0;0;0;1;0;1;1;0;1;1;0;0
10:10:15.415;0;0;0;0;1;0;1;1;0;1;1;0;0
10:10:15.530;0;0;0;0;1;0;1;1;0;1;1;0;0
10:10:15.657;0;0;0;0;1;0;1;1;0;1;1;0;0
10:10:15.756;0;0;0;0;1;0;1;1;0;1;1;0;0
10:10:15.865;0;0;0;0;1;0;1;1;0;1;1;0;0
10:10:16.001;0;0;0;0;1;0;1;1;0;1;1;0;0
10:10:16.165;0;0;0;0;1;0;1;1;0;1;1;0;0
10:10:16.274;0;0;0;0;1;0;1;1;0;1;1;0;0
10:10:16.405;0;0;0;0;1;0;1;1;0;1;1;0;0
10:10:16.515;0;0;0;0;1;0;1;1;0;1;1;0;0
10:10:16.632;0;0;0;0;1;0;1;1;0;1;1;0;0
10:10:16.726;0;0;0;0;1;0;1;1;0;1;1;0;0
10:10:16.887;0;0;0;0;1;0;1;1;0;1;1;0;0
10:10:16.997;0;0;0;0;1;0;1;1;0;1;1;0;0
10:10:17.118;0;0;0;0;1;0;1;1;0;1;1;0;0
10:10:17.217;0;0;0;0;1;0;1;1;0;1;1;0;0
10:10:17.333;0;0;0;0;1;0;1;1;0;1;1;0;0
10:10:17.457;0;0;0;0;1;0;1;1;0;1;1;0;0
10:10:17.580;0;0;0;0;1;0;1;1;0;1;1;0;0
10:10:17.695;0;0;0;0;1;0;1;1;0;1;1;0;0
10:10:17.805;0;0;0;0;1;0;1;1;0;1;1;0;0
10:10:17.910;0;0;0;0;1;0;1;1;0;1;1;0;0
10:10:18.024;0;0;0;0;1;0;1;1;0;1;1;0;0
10:10:18.121;0;0;0;0;1;0;1;1;0;1;1;0;0
10:10:18.244;0;0;0;0;1;0;1;1;0;1;1;0;0
10:10:18.355;0;0;0;0;1;0;1;1;0;1;1;0;0
10:10:18.451;0;0;0;0;1;0;1;1;0;1;1;0;0
10:10:18.587;0;0;0;0;1;0;1;1;0;1;1;0;0
10:10:18.693;0;0;0;0;1;0;1;1;0;1;1;0;0
10:10:18.801;0;0;0;0;1;0;1;1;0;1;1;0;0
10:10:18.915;0;0;0;0;1;0;1;1;0;1;1;0;0
10:10:19.038;0;0;0;0;1;0;1;1;0;1;1;0;0
10:10:19.137;0;0;0;0;1;0;1;1;0;1;1;0;0
10:10:19.267;0;0;0;0;1;0;1;1;0;1;1;0;0
10:10:19.414;0;0;0;0;1;0;1;1;0;1;1;0;0
10:10:19.562;0;0;1;0;0;0;0;1;0;1;1;0;0
10:10:19.698;0;0;1;0;0;0;0;1;0;1;1;0;0
10:10:19.848;0;0;1;0;0;0;0;1;0;1;1;0;0
10:10:19.954;0;0;1;0;0;0;0;1;0;1;1;0;0
10:10:20.068;0;0;1;0;0;0;0;1;0;1;1;0;0
10:10:20.178;0;0;1;0;0;0;0;1;0;1;1;0;0
10:10:20.296;0;0;1;0;0;0;0;1;0;1;1;0;0
10:10:20.416;0;0;1;0;0;0;0;1;0;1;1;0;0
10:10:20.525;0;0;1;0;0;0;0;1;0;1;1;0;0
10:10:20.645;0;0;1;0;0;0;0;1;0;1;1;0;0
10:10:20.777;0;0;1;0;0;0;0;1;0;1;1;0;0
10:10:20.888;0;0;1;0;0;0;0;1;0;1;1;0;0
10:10:21.004;0;0;1;0;0;0;0;1;0;1;1;0;0
10:10:21.122;0;0;1;0;0;0;0;1;0;1;1;0;0
10:10:21.227;0;0;1;0;0;0;0;1;0;1;1;0;0
10:10:21.331;0;0;1;0;0;0;0;1;0;1;1;0;0
10:10:21.445;0;0;1;0;0;0;0;1;0;1;1;0;0
10:10:21.543;0;0;1;0;0;0;0;1;0;1;1;0;0
10:10:21.672;0;0;1;0;0;0;0;1;0;1;1;0;0
10:10:21.795;0;0;1;0;0;0;0;1;0;1;1;0;0
10:10:21.918;0;0;1;0;0;0;0;1;0;1;1;0;0
10:10:22.046;0;0;1;0;0;0;0;1;0;1;1;0;0
10:10:22.217;0;0;1;0;0;0;0;1;0;1;1;0;0
10:10:22.360;0;0;1;0;0;0;0;1;0;1;1;0;0
10:10:22.497;0;0;1;0;0;0;0;1;0;1;1;0;0
10:10:22.601;0;0;1;0;0;0;0;1;0;1;1;0;0
10:10:22.721;0;0;1;0;0;0;0;1;0;1;1;0;0
10:10:22.875;0;0;1;0;0;0;0;1;0;1;1;0;0
10:10:22.993;0;0;1;0;0;0;0;1;0;1;1;0;0
10:10:23.085;0;0;1;0;0;0;0;1;0;1;1;0;0
10:10:23.217;0;0;1;0;0;0;0;1;0;1;1;0;0
10:10:23.321;0;0;1;0;0;0;0;1;0;1;1;0;0
10:10:23.454;0;0;1;0;0;0;0;1;0;1;1;0;0
10:10:23.549;0;0;1;0;0;0;0;1;0;1;1;0;0
10:10:23.669;0;0;1;0;0;0;0;1;0;1;1;0;0
10:10:23.785;0;0;1;0;0;0;0;1;0;1;1;0;0
10:10:23.887;0;0;1;0;0;0;0;1;0;1;1;0;0
10:10:24.005;0;0;1;0;0;0;0;1;0;1;1;0;0
10:10:24.102;0;0;1;0;0;0;0;1;0;1;1;0;0
10:10:24.230;0;0;1;0;0;0;0;1;0;1;1;0;0
10:10:24.353;0;0;1;0;0;0;0;1;0;1;1;0;0
10:10:24.490;0;0;0;0;0;0;0;1;0;1;1;0;0
10:10:24.621;0;0;0;0;0;0;0;1;0;1;1;0;0
10:10:24.763;0;0;0;0;0;0;0;1;0;1;1;0;0
10:10:24.887;0;0;0;0;0;0;0;1;0;1;1;0;0
10:10:25.001;0;0;0;0;0;0;0;1;0;1;1;0;0
10:10:25.103;0;0;0;0;0;0;0;1;0;1;1;0;0
10:10:25.227;0;0;0;0;0;0;0;1;0;1;1;0;0
10:10:25.341;0;0;0;0;0;0;0;1;0;1;1;0;0
10:10:25.450;0;0;0;0;0;0;0;1;0;1;1;0;0
10:10:25.574;0;0;0;0;0;0;0;1;0;1;1;0;0
10:10:25.695;0;0;0;0;0;0;0;1;0;1;1;0;0
10:10:25.819;0;0;0;0;0;0;0;1;0;1;1;0;0
10:10:25.940;0;0;0;0;0;0;0;1;0;1;1;0;0
10:10:26.073;0;0;0;0;0;0;0;1;0;1;1;0;0
10:10:26.196;0;0;0;0;0;0;0;1;0;1;1;0;0
10:10:26.328;0;0;0;0;0;0;0;1;0;1;1;0;0
10:10:26.441;0;0;0;0;0;0;0;1;0;1;1;0;0
10:10:26.568;0;0;0;0;0;0;0;1;0;1;1;0;0
10:10:26.694;0;0;0;0;0;0;0;1;0;1;1;0;0
10:10:26.804;0;0;0;0;0;0;0;1;0;1;1;0;0
10:10:26.933;0;0;0;0;0;0;0;1;0;1;1;0;0
10:10:27.054;0;0;0;0;0;0;0;1;0;1;1;0;0
10:10:27.174;0;0;0;0;0;0;0;1;0;1;1;0;0
10:10:27.282;0;0;0;0;0;0;0;1;0;1;1;0;0
10:10:27.371;0;0;0;0;0;0;0;1;0;1;1;0;0
10:10:27.485;0;0;0;0;0;0;0;1;0;1;1;0;0
10:10:27.588;0;0;0;0;0;0;0;1;0;1;1;0;0
10:10:27.698;0;0;0;0;0;0;0;1;0;1;1;0;0
10:10:27.807;0;0;0;0;0;0;0;1;0;1;1;0;0
10:10:27.931;0;0;0;0;0;0;0;1;0;1;1;0;0
10:10:28.023;0;0;0;0;0;0;0;1;0;1;1;0;0
10:10:28.164;0;0;0;0;0;0;0;1;0;1;1;0;0
10:10:28.277;0;0;0;0;0;0;0;1;0;1;1;0;0
10:10:28.379;0;0;0;0;0;0;0;1;0;1;1;0;0
10:10:28.470;0;0;0;0;0;0;0;1;0;1;1;0;0
10:10:28.561;0;0;0;0;0;0;0;1;0;1;1;0;0
10:10:28.693;0;0;0;0;0;0;0;1;0;1;1;0;0
10:10:28.802;0;0;0;0;0;0;0;1;0;1;1;0;0
10:10:28.909;0;0;0;0;0;0;0;1;0;1;1;0;0
10:10:29.030;0;0;0;0;0;0;0;1;0;1;1;0;0
10:10:29.125;0;0;0;0;0;0;0;1;0;1;1;0;0
10:10:29.230;0;0;0;0;0;0;0;1;0;1;1;0;0
10:10:29.342;0;0;0;0;0;0;0;1;0;1;1;0;0
10:10:29.489;0;0;0;0;0;0;0;1;0;1;1;0;0
10:10:29.604;0;0;0;0;0;0;0;1;0;1;1;0;0
10:10:29.731;0;0;0;0;0;0;0;1;0;1;1;0;0
10:10:29.855;0;0;0;0;0;0;0;1;0;1;1;0;0
10:10:29.957;0;0;0;0;0;0;0;1;0;1;1;0;0
10:10:30.066;0;0;0;0;0;0;0;1;0;1;1;0;0
10:10:30.211;0;0;0;0;0;0;0;1;0;1;1;0;0
10:10:30.376;0;0;0;0;0;0;0;1;0;1;1;0;0
10:10:30.502;0;0;0;0;0;0;0;1;0;1;1;0;0
10:10:30.626;0;0;0;0;0;0;0;1;0;1;1;0;0
10:10:30.721;0;0;0;0;0;0;0;1;0;1;1;0;0
10:10:30.866;0;0;0;0;0;0;0;1;0;1;1;0;0
10:10:31.042;0;0;0;0;0;0;0;1;0;1;1;0;0
10:10:31.184;0;0;0;0;0;0;0;1;0;1;1;0;0
10:10:31.294;0;0;0;0;0;0;0;1;0;1;1;0;0
10:10:31.399;0;0;0;0;0;0;0;1;0;1;1;0;0
10:10:31.533;0;0;0;0;0;0;0;1;0;1;1;0;0
10:10:31.651;0;0;0;0;0;0;0;1;0;1;1;0;0
10:10:31.739;0;0;0;0;0;0;0;1;0;1;1;0;0
10:10:31.836;0;0;0;0;0;0;0;1;0;1;1;0;0
10:10:31.938;0;0;0;0;0;0;0;1;0;1;1;0;0
10:10:32.062;0;0;0;0;0;0;0;1;0;1;1;0;0
10:10:32.184;0;0;0;0;0;0;0;1;0;1;1;0;0
10:10:32.282;0;0;0;0;0;0;0;1;0;1;1;0;0
10:10:32.415;0;0;0;0;0;0;0;1;0;1;1;0;0
10:10:32.511;0;0;0;0;0;0;0;1;0;1;1;0;0
10:10:32.635;0;0;0;0;0;0;0;1;0;1;1;0;0
10:10:32.735;0;0;0;0;0;0;0;1;0;1;1;0;0
10:10:32.825;0;0;0;0;0;0;0;1;0;1;1;0;0
10:10:32.935;0;0;0;0;0;0;0;1;0;1;1;0;0
10:10:33.043;0;0;0;0;0;0;0;1;0;1;1;0;0
10:10:33.202;0;0;0;0;0;0;0;1;0;1;1;0;0
10:10:33.306;0;0;0;0;0;0;0;1;0;1;1;0;0
10:10:33.437;0;0;0;0;0;0;0;1;0;1;1;0;0
10:10:33.566;0;0;0;0;0;0;0;1;0;1;1;0;0
10:10:33.690;0;1;0;0;0;0;0;0;0;0;0;0;0
10:10:33.851;0;1;0;0;0;0;0;0;0;0;0;0;0
10:10:33.982;0;1;0;0;0;0;0;0;0;0;0;0;0
10:10:34.096;0;1;0;0;0;0;0;0;0;0;0;0;0
10:10:34.241;0;1;0;0;0;0;0;0;0;0;0;0;0
10:10:34.354;0;1;0;0;0;0;0;0;0;0;0;0;0
10:10:34.465;0;1;0;0;0;0;0;0;0;0;0;0;0
10:10:34.560;0;1;0;0;0;0;0;0;0;0;0;0;0
10:10:34.706;0;1;0;0;0;0;0;0;0;0;0;0;0
10:10:34.830;0;1;0;0;0;0;0;0;0;0;0;0;0
10:10:34.942;0;1;0;0;0;0;0;0;0;0;0;0;0
10:10:35.034;0;1;0;0;0;0;0;0;0;0;0;0;0
10:10:35.145;0;1;0;0;0;0;0;0;0;0;0;0;0
10:10:35.256;0;1;0;0;0;0;0;0;0;0;0;0;0
10:10:35.434;0;1;0;0;0;0;0;0;0;0;0;0;0
10:10:35.536;0;1;0;0;0;0;0;0;0;0;0;0;0
10:10:35.648;0;1;0;0;0;0;0;0;0;0;0;0;0
10:10:35.757;0;1;0;0;0;0;0;0;0;0;0;0;0
10:10:35.915;0;1;0;0;0;0;0;0;0;0;0;0;0
10:10:36.078;0;1;0;0;0;0;0;0;0;0;0;0;0
10:10:36.185;0;1;0;0;0;0;0;0;0;0;0;0;0
10:10:36.306;0;1;0;0;0;0;0;0;0;0;0;0;0
10:10:36.415;0;1;0;0;0;0;0;0;0;0;0;0;0
10:10:36.529;0;1;0;0;0;0;0;0;0;0;0;0;0
10:10:36.657;0;1;0;0;0;0;0;0;0;0;0;0;0
10:10:36.758;0;1;0;0;0;0;0;0;0;0;0;0;0
10:10:36.894;0;1;0;0;0;0;0;0;0;0;0;0;0
10:10:37.019;0;1;0;0;0;0;0;0;0;0;0;0;0
10:10:37.148;0;1;0;0;0;0;0;0;0;0;0;0;0
10:10:37.246;0;1;0;0;0;0;0;0;0;0;0;0;0
10:10:37.341;0;1;0;0;0;0;0;0;0;0;0;0;0
10:10:37.457;0;1;0;0;0;0;0;0;0;0;0;0;0
10:10:37.555;0;1;0;0;0;0;0;0;0;0;0;0;0
10:10:37.733;0;1;0;0;0;0;0;0;0;0;0;0;0
10:10:37.855;0;0;0;0;0;0;0;0;0;0;0;0;0
10:10:37.989;0;0;0;0;0;0;0;0;0;0;0;0;0
10:10:38.100;0;0;0;0;0;0;0;0;0;0;0;0;0
10:10:38.230;0;0;0;0;0;0;0;0;0;0;0;0;0
10:10:38.330;0;0;0;0;0;0;0;0;0;0;0;0;0
10:10:38.448;0;0;0;0;0;0;0;0;0;0;0;0;0
10:10:38.556;0;0;0;0;0;0;0;0;0;0;0;0;0
10:10:38.664;0;0;0;0;0;0;0;0;0;0;0;0;0
10:10:38.780;0;0;0;0;0;0;0;0;0;0;0;0;0
10:10:38.883;0;0;0;0;0;0;0;0;0;0;0;0;0
10:10:39.013;0;0;0;0;0;0;0;0;0;0;0;0;0
10:10:39.118;0;0;0;0;0;0;0;0;0;0;0;0;0
10:10:39.229;0;0;0;0;0;0;0;0;0;0;0;0;0
10:10:39.346;0;0;0;0;0;0;0;0;0;0;0;0;0
10:10:39.434;0;0;0;0;0;0;0;0;0;0;0;0;0
10:10:39.555;0;0;0;0;0;0;0;0;0;0;0;0;0
10:10:39.663;0;0;0;0;0;0;0;0;0;0;0;0;0
10:10:39.774;0;0;0;0;0;0;0;0;0;0;0;0;0
10:10:39.875;0;0;0;0;0;0;0;0;0;0;0;0;0
10:10:39.990;0;0;0;0;0;0;0;0;0;0;0;0;0
10:10:40.094;0;0;0;0;0;0;0;0;0;0;0;0;0
10:10:40.188;0;0;0;0;0;0;0;0;0;0;0;0;0
10:10:40.281;0;0;0;0;0;0;0;0;0;0;0;0;0
10:10:40.388;0;0;0;0;0;0;0;0;0;0;0;0;0
10:10:40.507;0;0;0;0;0;0;0;0;0;0;0;0;0
10:10:40.606;0;0;0;0;0;0;0;0;0;0;0;0;0
10:10:40.718;0;0;0;0;0;0;0;0;0;0;0;0;0
10:10:40.825;0;0;0;0;0;0;0;0;0;0;0;0;0
10:10:40.929;0;0;0;0;0;0;0;0;0;0;0;0;0
10:10:41.064;0;0;0;0;0;0;0;0;0;0;0;0;0
10:10:41.170;0;0;0;0;0;0;0;0;0;0;0;0;0
10:10:41.277;0;0;0;0;0;0;0;0;0;0;0;0;0
10:10:41.410;0;0;0;0;0;0;0;0;0;0;0;0;0
10:10:41.578;0;0;0;0;0;0;0;0;0;0;0;0;0
10:10:41.733;0;0;0;0;0;0;0;0;0;0;0;0;0
10:10:41.845;0;0;0;0;0;0;0;0;0;0;0;0;0
10:10:41.948;0;0;0;0;0;0;0;0;0;0;0;0;0
10:10:42.104;0;0;0;0;0;0;0;0;0;0;0;0;0
10:10:42.225;0;0;0;0;0;0;0;0;0;0;0;0;0
10:10:42.334;0;0;0;0;0;0;0;0;0;0;0;0;0
10:10:42.434;0;0;0;0;0;0;0;0;0;0;0;0;0
10:10:42.583;0;0;0;0;0;0;0;0;0;0;0;0;0
10:10:42.698;0;0;0;0;0;0;0;0;0;0;0;0;0
10:10:42.795;0;0;0;0;0;0;0;0;0;0;0;0;0
10:10:42.927;0;0;0;0;0;0;0;0;0;0;0;0;0
10:10:43.040;0;0;0;0;0;0;0;0;0;0;0;0;0
10:10:43.150;0;0;0;0;0;0;0;0;0;0;0;0;0
10:10:43.287;0;0;0;0;0;0;0;0;0;0;0;0;0
10:10:43.388;0;0;0;0;0;0;0;0;0;0;0;0;0
10:10:43.485;0;0;0;0;0;0;0;0;0;0;0;0;0
10:10:43.584;0;0;0;0;0;0;0;0;0;0;0;0;0
10:10:43.710;0;0;0;0;0;0;0;0;0;0;0;0;0
10:10:43.853;0;0;0;0;0;0;0;0;0;0;0;0;0
10:10:43.985;1;0;0;0;1;1;0;0;0;0;0;24;0
10:10:44.125;1;0;0;0;1;1;0;0;0;0;0;142;0
10:10:44.262;1;0;0;0;1;1;0;0;0;0;0;283;0
10:10:44.420;1;0;0;0;1;1;0;0;0;0;0;426;0
10:10:44.512;1;0;0;0;1;1;0;0;0;0;0;529;0
10:10:44.633;1;0;0;0;1;1;0;0;0;0;0;636;0
10:10:44.731;1;0;0;0;1;1;0;0;0;0;0;748;0
10:10:44.864;1;0;0;0;1;1;0;0;0;0;0;876;0
10:10:44.970;1;0;0;0;1;1;0;0;0;0;0;977;0
10:10:45.071;1;0;0;0;1;1;0;0;0;0;0;1081;0
10:10:45.205;1;0;0;0;1;1;0;0;0;0;0;1216;0
10:10:45.309;1;0;0;0;1;1;0;0;0;0;0;1333;0
10:10:45.430;1;0;0;0;1;1;0;0;0;0;0;1435;0
10:10:45.537;1;0;0;0;1;1;0;0;0;0;0;1541;0
10:10:45.630;1;0;0;0;1;1;0;0;0;0;0;1653;0
10:10:45.759;1;0;0;0;1;1;0;0;0;0;0;1770;0
10:10:45.863;1;0;0;0;1;1;0;0;0;0;0;1892;0
10:10:45.988;1;0;0;0;1;1;0;0;0;0;0;1994;0
10:10:46.100;1;0;0;0;1;1;0;0;0;0;0;2124;0
10:10:46.226;1;0;0;0;1;1;0;0;0;0;0;2259;0
10:10:46.367;1;0;0;0;1;1;0;0;0;0;0;2371;0
10:10:46.471;1;0;0;0;1;1;0;0;0;0;0;2490;0
10:10:46.586;1;0;0;0;1;1;0;0;0;0;0;2594;0
10:10:46.730;1;0;0;0;1;1;0;0;0;0;0;2737;0
10:10:46.827;1;0;0;0;1;1;0;0;0;0;0;2857;0
10:10:46.957;1;0;0;0;1;1;0;0;0;0;0;2963;0
10:10:47.054;1;0;0;0;1;1;0;0;0;0;0;3060;0
10:10:47.151;1;0;0;0;1;1;0;0;0;0;0;3156;0
10:10:47.260;1;0;0;0;1;1;0;0;0;0;0;3278;0
10:10:47.371;1;0;0;0;1;1;0;0;0;0;0;3393;0
10:10:47.490;1;0;0;0;1;1;0;0;0;0;0;3496;0
10:10:47.587;1;0;0;0;1;1;0;0;0;0;0;3606;0
10:10:47.725;1;0;0;0;1;1;0;0;0;0;0;3728;0
10:10:47.817;1;0;0;0;1;1;0;0;0;0;0;3832;0
10:10:47.927;1;0;0;0;1;1;0;0;0;0;0;3930;0
10:10:48.033;1;0;0;0;1;0;1;1;1;0;0;0;45
10:10:48.152;1;0;0;0;1;0;1;1;1;0;0;0;180
10:10:48.275;1;0;0;0;1;0;1;1;1;0;0;0;281
10:10:48.372;1;0;0;0;1;0;1;1;1;0;0;0;380
10:10:48.504;1;0;0;0;1;0;1;1;1;0;0;0;531
10:10:48.635;1;0;0;0;1;0;1;1;1;0;0;0;640
10:10:48.733;1;0;0;0;1;0;1;1;1;0;0;0;742
10:10:48.832;1;0;0;0;1;0;1;1;1;0;0;0;838
10:10:48.934;1;0;0;0;1;0;1;1;1;0;0;0;939
10:10:49.026;1;0;0;0;1;0;1;1;1;0;0;0;1036
10:10:49.135;1;0;0;0;1;0;1;1;1;0;0;0;1145
10:10:49.250;1;0;0;0;1;0;1;1;1;0;0;0;1275
10:10:49.369;1;0;0;0;1;0;1;1;1;0;0;0;1382
10:10:49.481;1;0;0;0;1;0;1;1;1;0;0;0;1486
10:10:49.588;1;0;0;0;1;0;1;1;1;0;0;0;1611
10:10:49.731;1;0;0;0;1;0;1;1;1;0;0;0;1741
10:10:49.832;1;0;0;0;1;0;1;1;1;0;0;0;1847
10:10:49.940;1;0;0;0;1;0;1;1;1;0;0;0;1946
10:10:50.050;1;0;0;0;1;0;1;1;1;0;0;0;2055
10:10:50.144;1;0;0;0;1;0;1;1;1;0;0;0;2154
10:10:50.264;1;0;0;0;1;0;1;1;1;0;0;0;2287
10:10:50.377;1;0;0;0;1;0;1;1;1;0;0;0;2391
10:10:50.492;1;0;0;0;1;0;1;1;1;0;0;0;2498
10:10:50.594;1;0;0;0;1;0;1;1;1;0;0;0;2607
10:10:50.701;1;0;0;0;1;0;1;1;1;0;0;0;2729
10:10:50.830;1;0;0;0;1;0;1;1;1;0;0;0;2836
10:10:50.921;1;0;0;0;1;0;1;1;1;0;0;0;2940
10:10:51.040;1;0;0;0;1;0;1;1;1;0;0;0;3046
10:10:51.135;1;0;0;0;1;0;1;1;1;0;0;0;3153
10:10:51.268;1;0;0;0;1;0;1;1;1;0;0;0;3273
10:10:51.361;1;0;0;0;1;0;1;1;1;0;0;0;3385
10:10:51.498;1;0;0;0;1;0;1;1;1;0;0;0;3502
10:10:51.598;1;0;0;0;1;0;1;1;1;0;0;0;3624
10:10:51.724;1;0;0;0;1;0;1;1;1;0;0;0;3730
10:10:51.823;1;0;0;0;1;0;1;1;1;0;0;0;3847
10:10:51.945;1;0;0;0;1;0;1;1;1;0;0;0;3951
10:10:52.056;1;0;0;0;1;0;1;1;0;1;1;0;0
10:10:52.165;1;0;0;0;1;0;1;1;0;1;1;0;0
10:10:52.302;1;0;0;0;1;0;1;1;0;1;1;0;0
10:10:52.394;1;0;0;0;1;0;1;1;0;1;1;0;0
10:10:52.517;1;0;0;0;1;0;1;1;0;1;1;0;0
10:10:52.640;1;0;0;0;1;0;1;1;0;1;1;0;0
10:10:52.769;1;0;0;0;1;0;1;1;0;1;1;0;0
10:10:52.913;1;0;0;0;1;0;1;1;0;1;1;0;0
10:10:53.042;1;0;0;0;1;0;1;1;0;1;1;0;0
10:10:53.175;1;0;0;0;1;0;1;1;0;1;1;0;0
10:10:53.290;1;0;0;0;1;0;1;1;0;1;1;0;0
10:10:53.409;1;0;0;0;1;0;1;1;0;1;1;0;0
10:10:53.531;1;0;0;0;1;0;1;1;0;1;1;0;0
10:10:53.640;1;0;0;0;1;0;1;1;0;1;1;0;0
10:10:53.757;1;0;0;0;1;0;1;1;0;1;1;0;0
10:10:53.871;1;0;0;0;1;0;1;1;0;1;1;0;0
10:10:54.013;1;0;0;0;1;0;1;1;0;1;1;0;0
10:10:54.122;1;0;0;0;1;0;1;1;0;1;1;0;0
10:10:54.245;1;0;0;0;1;0;1;1;0;1;1;0;0
10:10:54.349;1;0;0;0;1;0;1;1;0;1;1;0;0
10:10:54.457;1;0;0;0;1;0;1;1;0;1;1;0;0
10:10:54.573;1;0;0;0;1;0;1;1;0;1;1;0;0
10:10:54.723;1;0;0;0;1;0;1;1;0;1;1;0;0
10:10:54.866;1;0;0;0;1;0;1;1;0;1;1;0;0
10:10:55.033;1;0;0;0;1;0;1;1;0;1;1;0;0
10:10:55.171;1;0;0;0;1;0;1;1;0;1;1;0;0
10:10:55.282;1;0;0;0;1;0;1;1;0;1;1;0;0
10:10:55.399;1;0;0;0;1;0;1;1;0;1;1;0;0
10:10:55.525;1;0;0;0;1;0;1;1;0;1;1;0;0
10:10:55.622;1;0;0;0;1;0;1;1;0;1;1;0;0
10:10:55.758;1;0;0;0;1;0;1;1;0;1;1;0;0
10:10:55.858;1;0;0;0;1;0;1;1;0;1;1;0;0
10:10:56.013;1;0;0;0;1;0;1;1;0;1;1;0;0
10:10:56.110;1;0;0;0;1;0;1;1;0;1;1;0;0
10:10:56.212;1;0;0;0;1;0;1;1;0;1;1;0;0
10:10:56.363;1;0;0;0;1;0;1;1;0;1;1;0;0
10:10:56.489;1;0;0;0;1;0;1;1;0;1;1;0;0
10:10:56.622;0;0;0;0;1;0;1;1;0;1;1;0;0
10:10:56.749;0;0;0;0;1;0;1;1;0;1;1;0;0
10:10:56.886;0;0;0;0;1;0;1;1;0;1;1;0;0
10:10:57.029;0;0;0;0;1;0;1;1;0;1;1;0;0
10:10:57.156;0;0;0;0;1;0;1;1;0;1;1;0;0
10:10:57.292;0;0;0;0;1;0;1;1;0;1;1;0;0
10:10:57.418;0;0;0;0;1;0;1;1;0;1;1;0;0
10:10:57.534;0;0;0;0;1;0;1;1;0;1;1;0;0
10:10:57.631;0;0;0;0;1;0;1;1;0;1;1;0;0
10:10:57.758;0;0;0;0;1;0;1;1;0;1;1;0;0
10:10:57.859;0;0;0;0;1;0;1;1;0;1;1;0;0
10:10:57.956;0;0;0;0;1;0;1;1;0;1;1;0;0
10:10:58.067;0;0;0;0;1;0;1;1;0;1;1;0;0
10:10:58.180;0;0;0;0;1;0;1;1;0;1;1;0;0
10:10:58.312;0;0;0;0;1;0;1;1;0;1;1;0;0
10:10:58.409;0;0;0;0;1;0;1;1;0;1;1;0;0
10:10:58.539;0;0;0;0;1;0;1;1;0;1;1;0;0
10:10:58.673;0;0;0;0;1;0;1;1;0;1;1;0;0
10:10:58.782;0;0;0;0;1;0;1;1;0;1;1;0;0
10:10:58.890;0;0;0;0;1;0;1;1;0;1;1;0;0
10:10:58.985;0;0;0;0;1;0;1;1;0;1;1;0;0
10:10:59.095;0;0;0;0;1;0;1;1;0;1;1;0;0
10:10:59.197;0;0;0;0;1;0;1;1;0;1;1;0;0
10:10:59.309;0;0;0;0;1;0;1;1;0;1;1;0;0
10:10:59.438;0;0;0;0;1;0;1;1;0;1;1;0;0
10:10:59.546;0;0;0;0;1;0;1;1;0;1;1;0;0
10:10:59.639;0;0;0;0;1;0;1;1;0;1;1;0;0
10:10:59.757;0;0;0;0;1;0;1;1;0;1;1;0;0
10:10:59.853;0;0;0;0;1;0;1;1;0;1;1;0;0
10:10:59.966;0;0;0;0;1;0;1;1;0;1;1;0;0
10:11:00.081;0;0;0;0;1;0;1;1;0;1;1;0;0
10:11:00.205;0;0;0;0;1;0;1;1;0;1;1;0;0
10:11:00.330;0;0;0;0;1;0;1;1;0;1;1;0;0
10:11:00.425;0;0;0;0;1;0;1;1;0;1;1;0;0
10:11:00.526;0;0;0;0;1;0;1;1;0;1;1;0;0
10:11:00.639;0;0;0;0;1;0;1;1;0;1;1;0;0
10:11:00.769;0;0;0;0;1;0;1;1;0;1;1;0;0
10:11:00.863;0;0;0;0;1;0;1;1;0;1;1;0;0
10:11:00.990;0;0;0;0;1;0;1;1;0;1;1;0;0
10:11:01.109;0;0;0;0;1;0;1;1;0;1;1;0;0
10:11:01.228;0;0;0;0;1;0;1;1;0;1;1;0;0
10:11:01.347;0;0;0;0;1;0;1;1;0;1;1;0;0
10:11:01.469;0;0;0;0;1;0;1;1;0;1;1;0;0
10:11:01.598;0;0;0;0;1;0;1;1;0;1;1;0;0
10:11:01.726;0;0;0;0;1;0;1;1;0;1;1;0;0
10:11:01.854;0;0;0;0;1;0;1;1;0;1;1;0;0
10:11:01.959;0;0;0;0;1;0;1;1;0;1;1;0;0
10:11:02.089;0;0;0;0;1;0;1;1;0;1;1;0;0
10:11:02.250;0;0;0;0;1;0;1;1;0;1;1;0;0
10:11:02.345;0;0;0;0;1;0;1;1;0;1;1;0;0
10:11:02.459;0;0;0;0;1;0;1;1;0;1;1;0;0
10:11:02.611;0;0;0;0;1;0;1;1;0;1;1;0;0
10:11:02.747;0;0;0;0;1;0;1;1;0;1;1;0;0
10:11:02.863;0;0;0;0;1;0;1;1;0;1;1;0;0
10:11:02.983;0;0;0;0;1;0;1;1;0;1;1;0;0
10:11:03.115;0;0;0;0;1;0;1;1;0;1;1;0;0
10:11:03.223;0;0;0;0;1;0;1;1;0;1;1;0;0
10:11:03.328;0;0;0;0;1;0;1;1;0;1;1;0;0
10:11:03.441;0;0;0;0;1;0;1;1;0;1;1;0;0
10:11:03.573;0;0;0;0;1;0;1;1;0;1;1;0;0
10:11:03.700;0;0;0;0;1;0;1;1;0;1;1;0;0
10:11:03.813;0;0;0;0;1;0;1;1;0;1;1;0;0
10:11:03.950;0;0;0;0;1;0;1;1;0;1;1;0;0
10:11:04.059;0;0;0;0;1;0;1;1;0;1;1;0;0
10:11:04.177;0;0;0;0;1;0;1;1;0;1;1;0;0
10:11:04.298;0;0;0;0;1;0;1;1;0;1;1;0;0
10:11:04.388;0;0;0;0;1;0;1;1;0;1;1;0;0
10:11:04.485;0;0;0;0;1;0;1;1;0;1;1;0;0
10:11:04.577;0;0;0;0;1;0;1;1;0;1;1;0;0
10:11:04.698;0;0;0;0;1;0;1;1;0;1;1;0;0
10:11:04.794;0;0;0;0;1;0;1;1;0;1;1;0;0
10:11:04.918;0;0;0;0;1;0;1;1;0;1;1;0;0
10:11:05.026;0;0;0;0;1;0;1;1;0;1;1;0;0
10:11:05.119;0;0;0;0;1;0;1;1;0;1;1;0;0
10:11:05.240;0;0;0;0;1;0;1;1;0;1;1;0;0
10:11:05.349;0;0;0;0;1;0;1;1;0;1;1;0;0
10:11:05.475;0;0;0;0;1;0;1;1;0;1;1;0;0
10:11:05.625;0;0;0;0;1;0;1;1;0;1;1;0;0
10:11:05.762;0;1;0;0;0;0;0;0;0;0;0;0;0
10:11:05.889;0;1;0;0;0;0;0;0;0;0;0;0;0
10:11:06.061;0;1;0;0;0;0;0;0;0;0;0;0;0
10:11:06.190;0;1;0;0;0;0;0;0;0;0;0;0;0
10:11:06.298;0;1;0;0;0;0;0;0;0;0;0;0;0
10:11:06.415;0;1;0;0;0;0;0;0;0;0;0;0;0
10:11:06.526;0;1;0;0;0;0;0;0;0;0;0;0;0
10:11:06.642;0;1;0;0;0;0;0;0;0;0;0;0;0
10:11:06.750;0;1;0;0;0;0;0;0;0;0;0;0;0
10:11:06.860;0;1;0;0;0;0;0;0;0;0;0;0;0
10:11:06.987;0;1;0;0;0;0;0;0;0;0;0;0;0
10:11:07.092;0;1;0;0;0;0;0;0;0;0;0;0;0
10:11:07.283;0;1;0;0;0;0;0;0;0;0;0;0;0
10:11:07.458;0;1;0;0;0;0;0;0;0;0;0;0;0
10:11:07.559;0;1;0;0;0;0;0;0;0;0;0;0;0
10:11:07.657;0;1;0;0;0;0;0;0;0;0;0;0;0
10:11:07.813;0;1;0;0;0;0;0;0;0;0;0;0;0
10:11:07.979;0;1;0;0;0;0;0;0;0;0;0;0;0
10:11:08.097;0;1;0;0;0;0;0;0;0;0;0;0;0
10:11:08.229;0;1;0;0;0;0;0;0;0;0;0;0;0
10:11:08.322;0;1;0;0;0;0;0;0;0;0;0;0;0
10:11:08.429;0;1;0;0;0;0;0;0;0;0;0;0;0
10:11:08.540;0;1;0;0;0;0;0;0;0;0;0;0;0
10:11:08.665;0;1;0;0;0;0;0;0;0;0;0;0;0
10:11:08.809;0;0;0;0;0;0;0;0;0;0;0;0;0
10:11:08.961;0;0;0;0;0;0;0;0;0;0;0;0;0
10:11:09.080;0;0;0;0;0;0;0;0;0;0;0;0;0
10:11:09.212;0;0;0;0;0;0;0;0;0;0;0;0;0
10:11:09.350;0;0;0;0;0;0;0;0;0;0;0;0;0
10:11:09.455;0;0;0;0;0;0;0;0;0;0;0;0;0
10:11:09.591;0;0;0;0;0;0;0;0;0;0;0;0;0
10:11:09.719;0;0;0;0;0;0;0;0;0;0;0;0;0
10:11:09.837;0;0;0;0;0;0;0;0;0;0;0;0;0
10:11:09.949;0;0;0;0;0;0;0;0;0;0;0;0;0
10:11:10.045;0;0;0;0;0;0;0;0;0;0;0;0;0
10:11:10.151;0;0;0;0;0;0;0;0;0;0;0;0;0
10:11:10.247;0;0;0;0;0;0;0;0;0;0;0;0;0
10:11:10.369;0;0;0;0;0;0;0;0;0;0;0;0;0
10:11:10.469;0;0;0;0;0;0;0;0;0;0;0;0;0
10:11:10.556;0;0;0;0;0;0;0;0;0;0;0;0;0
10:11:10.676;0;0;0;0;0;0;0;0;0;0;0;0;0
10:11:10.770;0;0;0;0;0;0;0;0;0;0;0;0;0
10:11:10.905;0;0;0;0;0;0;0;0;0;0;0;0;0
10:11:10.996;0;0;0;0;0;0;0;0;0;0;0;0;0
10:11:11.125;0;0;0;0;0;0;0;0;0;0;0;0;0
10:11:11.272;0;0;0;0;0;0;0;0;0;0;0;0;0
10:11:11.392;0;0;0;0;0;0;0;0;0;0;0;0;0
10:11:11.503;0;0;0;0;0;0;0;0;0;0;0;0;0
10:11:11.604;0;0;0;0;0;0;0;0;0;0;0;0;0
10:11:11.714;0;0;0;0;0;0;0;0;0;0;0;0;0
10:11:11.802;0;0;0;0;0;0;0;0;0;0;0;0;0
10:11:11.920;0;0;0;0;0;0;0;0;0;0;0;0;0
10:11:12.043;0;0;0;0;0;0;0;0;0;0;0;0;0
10:11:12.161;0;0;0;0;0;0;0;0;0;0;0;0;0
10:11:12.270;0;0;0;0;0;0;0;0;0;0;0;0;0
10:11:12.368;0;0;0;0;0;0;0;0;0;0;0;0;0
10:11:12.482;0;0;0;0;0;0;0;0;0;0;0;0;0
10:11:12.607;0;0;0;0;0;0;0;0;0;0;0;0;0
10:11:12.732;0;0;0;0;0;0;0;0;0;0;0;0;0
10:11:12.853;0;0;0;0;0;0;0;0;0;0;0;0;0
10:11:12.958;0;0;0;0;0;0;0;0;0;0;0;0;0
10:11:13.061;0;0;0;0;0;0;0;0;0;0;0;0;0
10:11:13.171;0;0;0;0;0;0;0;0;0;0;0;0;0
10:11:13.286;0;0;0;0;0;0;0;0;0;0;0;0;0
10:11:13.386;0;0;0;0;0;0;0;0;0;0;0;0;0
10:11:13.504;0;0;0;0;0;0;0;0;0;0;0;0;0
10:11:13.639;0;0;0;0;0;0;0;0;0;0;0;0;0
10:11:13.755;0;0;0;0;0;0;0;0;0;0;0;0;0
10:11:13.871;0;0;0;0;0;0;0;0;0;0;0;0;0
10:11:13.996;0;0;0;0;0;0;0;0;0;0;0;0;0
10:11:14.087;0;0;0;0;0;0;0;0;0;0;0;0;0
10:11:14.215;0;0;0;0;0;0;0;0;0;0;0;0;0
10:11:14.318;0;0;0;0;0;0;0;0;0;0;0;0;0
10:11:14.422;0;0;0;0;0;0;0;0;0;0;0;0;0
10:11:14.522;0;0;0;0;0;0;0;0;0;0;0;0;0
10:11:14.624;0;0;0;0;0;0;0;0;0;0;0;0;0
10:11:14.760;0;0;0;0;0;0;0;0;0;0;0;0;0
10:11:14.857;0;0;0;0;0;0;0;0;0;0;0;0;0
10:11:14.997;0;0;0;0;0;0;0;0;0;0;0;0;0
10:11:15.115;0;0;0;0;0;0;0;0;0;0;0;0;0
10:11:15.345;1;0;0;0;1;1;0;0;0;0;0;173;0
10:11:15.498;1;0;0;0;1;1;0;0;0;0;0;308;0
10:11:15.655;1;0;0;0;1;1;0;0;0;0;0;464;0
10:11:15.773;1;0;0;0;1;1;0;0;0;0;0;581;0
10:11:15.902;1;0;0;0;1;1;0;0;0;0;0;711;0
10:11:16.005;1;0;0;0;1;1;0;0;0;0;0;825;0
10:11:16.118;1;0;0;0;1;1;0;0;0;0;0;929;0
10:11:16.229;1;0;0;0;1;1;0;0;0;0;0;1051;0
10:11:16.346;1;0;0;0;1;1;0;0;0;0;0;1174;0
10:11:16.494;1;0;0;0;1;1;0;0;0;0;0;1304;0
10:11:16.606;1;0;0;0;1;1;0;0;0;0;0;1439;0
10:11:16.787;1;0;0;0;1;1;0;0;0;0;0;1597;0
10:11:16.901;1;0;0;0;1;1;0;0;0;0;0;1730;0
10:11:17.037;1;0;0;0;1;1;0;0;0;0;0;1846;0
10:11:17.147;1;0;0;0;1;1;0;0;0;0;0;1956;0
10:11:17.284;1;0;0;0;1;1;0;0;0;0;0;2117;0
10:11:17.414;1;0;0;0;1;1;0;0;0;0;0;2239;0
10:11:17.545;1;0;0;0;1;1;0;0;0;0;0;2366;0
10:11:17.696;1;0;0;0;1;1;0;0;0;0;0;2504;0
10:11:17.788;1;0;0;0;1;1;0;0;0;0;0;2605;0
10:11:17.899;1;0;0;0;1;1;0;0;0;0;0;2722;0
10:11:18.011;1;0;0;0;1;1;0;0;0;0;0;2821;0
10:11:18.141;1;0;0;0;1;1;0;0;0;0;0;2962;0
10:11:18.294;1;0;0;0;1;1;0;0;0;0;0;3104;0
10:11:18.392;1;0;0;0;1;1;0;0;0;0;0;3209;0
10:11:18.528;1;0;0;0;1;1;0;0;0;0;0;3352;0
10:11:18.667;1;0;0;0;1;1;0;0;0;0;0;3476;0
10:11:18.770;1;0;0;0;1;1;0;0;0;0;0;3591;0
10:11:18.903;1;0;0;0;1;1;0;0;0;0;0;3711;0
10:11:19.023;1;0;0;0;1;1;0;0;0;0;0;3841;0
10:11:19.122;1;0;0;0;1;1;0;0;0;0;0;3942;0
10:11:19.263;1;0;0;0;1;0;1;1;1;0;0;0;72
10:11:19.394;1;0;0;0;1;0;1;1;1;0;0;0;228
10:11:19.549;1;0;0;0;1;0;1;1;1;0;0;0;361
10:11:19.659;1;0;0;0;1;0;1;1;1;0;0;0;483
10:11:19.790;1;0;0;0;1;0;1;1;1;0;0;0;600
10:11:19.893;1;0;0;0;1;0;1;1;1;0;0;0;719
10:11:20.020;1;0;0;0;1;0;1;1;1;0;0;0;836
10:11:20.174;1;0;0;0;1;0;1;1;1;0;0;0;985
10:11:20.273;1;0;0;0;1;0;1;1;1;0;0;0;1096
10:11:20.387;1;0;0;0;1;0;1;1;1;0;0;0;1201
10:11:20.525;1;0;0;0;1;0;1;1;1;0;0;0;1356
10:11:20.709;1;0;0;0;1;0;1;1;1;0;0;0;1531
10:11:20.855;1;0;0;0;1;0;1;1;1;0;0;0;1666
10:11:21.001;1;0;0;0;1;0;1;1;1;0;0;0;1811
10:11:21.124;1;0;0;0;1;0;1;1;1;0;0;0;1954
10:11:21.254;1;0;0;0;1;0;1;1;1;0;0;0;2069
10:11:21.354;1;0;0;0;1;0;1;1;1;0;0;0;2162
10:11:21.487;1;0;0;0;1;0;1;1;1;0;0;0;2305
10:11:21.617;1;0;0;0;1;0;1;1;1;0;0;0;2428
10:11:21.710;1;0;0;0;1;0;1;1;1;0;0;0;2534
10:11:21.826;1;0;0;0;1;0;1;1;1;0;0;0;2635
10:11:21.918;1;0;0;0;1;0;1;1;1;0;0;0;2742
10:11:22.057;1;0;0;0;1;0;1;1;1;0;0;0;2888
10:11:22.170;0;0;0;0;1;0;1;1;1;0;0;0;3021
10:11:22.306;0;0;0;0;1;0;1;1;1;0;0;0;3127
10:11:22.416;0;0;0;0;1;0;1;1;1;0;0;0;3239
10:11:22.516;0;0;0;0;1;0;1;1;1;0;0;0;3354
10:11:22.642;0;0;0;0;1;0;1;1;1;0;0;0;3453
10:11:22.751;0;0;0;0;1;0;1;1;1;0;0;0;3580
10:11:22.872;0;0;0;0;1;0;1;1;1;0;0;0;3705
10:11:22.997;0;0;0;0;1;0;1;1;1;0;0;0;3809
10:11:23.085;0;0;0;0;1;0;1;1;1;0;0;0;3915
10:11:23.238;0;0;0;0;1;0;1;1;0;1;1;0;0
10:11:23.376;0;0;0;0;1;0;1;1;0;1;1;0;0
10:11:23.472;0;0;0;0;1;0;1;1;0;1;1;0;0
10:11:23.578;0;0;0;0;1;0;1;1;0;1;1;0;0
10:11:23.674;0;0;0;0;1;0;1;1;0;1;1;0;0
10:11:23.781;0;0;0;0;1;0;1;1;0;1;1;0;0
10:11:23.878;0;0;0;0;1;0;1;1;0;1;1;0;0
10:11:23.988;0;0;0;0;1;0;1;1;0;1;1;0;0
10:11:24.104;0;0;0;0;1;0;1;1;0;1;1;0;0
10:11:24.208;0;0;0;0;1;0;1;1;0;1;1;0;0
10:11:24.316;0;0;0;0;1;0;1;1;0;1;1;0;0
10:11:24.429;0;0;0;0;1;0;1;1;0;1;1;0;0
10:11:24.540;0;0;0;0;1;0;1;1;0;1;1;0;0
10:11:24.647;0;0;0;0;1;0;1;1;0;1;1;0;0
10:11:24.755;0;0;0;0;1;0;1;1;0;1;1;0;0
10:11:24.863;0;0;0;0;1;0;1;1;0;1;1;0;0
10:11:24.976;0;0;0;0;1;0;1;1;0;1;1;0;0
10:11:25.087;0;0;0;0;1;0;1;1;0;1;1;0;0
10:11:25.193;0;0;0;0;1;0;1;1;0;1;1;0;0
10:11:25.314;0;0;0;0;1;0;1;1;0;1;1;0;0
10:11:25.410;0;0;0;0;1;0;1;1;0;1;1;0;0
10:11:25.519;0;0;0;0;1;0;1;1;0;1;1;0;0
10:11:25.637;0;0;0;0;1;0;1;1;0;1;1;0;0
10:11:25.778;0;0;0;0;1;0;1;1;0;1;1;0;0
10:11:25.915;0;0;0;0;1;0;1;1;0;1;1;0;0
10:11:26.019;0;0;0;0;1;0;1;1;0;1;1;0;0
10:11:26.127;0;0;0;0;1;0;1;1;0;1;1;0;0
10:11:26.228;0;0;0;0;1;0;1;1;0;1;1;0;0
10:11:26.321;0;0;0;0;1;0;1;1;0;1;1;0;0
10:11:26.437;0;0;0;0;1;0;1;1;0;1;1;0;0
10:11:26.538;0;0;0;0;1;0;1;1;0;1;1;0;0
10:11:26.642;0;0;0;0;1;0;1;1;0;1;1;0;0
10:11:26.751;0;0;0;0;1;0;1;1;0;1;1;0;0
10:11:26.860;0;0;0;0;1;0;1;1;0;1;1;0;0
10:11:26.962;0;0;0;0;1;0;1;1;0;1;1;0;0
10:11:27.060;0;0;0;0;1;0;1;1;0;1;1;0;0
10:11:27.194;0;0;0;0;1;0;1;1;0;1;1;0;0
10:11:27.306;0;0;0;0;1;0;1;1;0;1;1;0;0
10:11:27.398;0;0;0;0;1;0;1;1;0;1;1;0;0
10:11:27.515;0;0;0;0;1;0;1;1;0;1;1;0;0
10:11:27.622;0;0;0;0;1;0;1;1;0;1;1;0;0
10:11:27.745;0;0;0;0;1;0;1;1;0;1;1;0;0
10:11:27.852;0;0;0;0;1;0;1;1;0;1;1;0;0
10:11:27.974;0;0;0;0;1;0;1;1;0;1;1;0;0
10:11:28.082;0;0;0;0;1;0;1;1;0;1;1;0;0
10:11:28.189;0;0;0;0;1;0;1;1;0;1;1;0;0
10:11:28.322;0;0;0;0;1;0;1;1;0;1;1;0;0
10:11:28.428;0;0;0;0;1;0;1;1;0;1;1;0;0
10:11:28.540;0;0;0;0;1;0;1;1;0;1;1;0;0
10:11:28.687;0;0;0;0;1;0;1;1;0;1;1;0;0
10:11:28.803;0;0;0;0;1;0;1;1;0;1;1;0;0
10:11:28.913;0;0;0;0;1;0;1;1;0;1;1;0;0
10:11:29.024;0;0;0;0;1;0;1;1;0;1;1;0;0
10:11:29.136;0;0;0;0;1;0;1;1;0;1;1;0;0
10:11:29.291;0;0;0;0;1;0;1;1;0;1;1;0;0
10:11:29.387;0;0;0;0;1;0;1;1;0;1;1;0;0
10:11:29.506;0;0;0;0;1;0;1;1;0;1;1;0;0
10:11:29.608;0;0;0;0;1;0;1;1;0;1;1;0;0
10:11:29.727;0;0;0;0;1;0;1;1;0;1;1;0;0
10:11:29.840;0;0;0;0;1;0;1;1;0;1;1;0;0
10:11:29.942;0;0;0;0;1;0;1;1;0;1;1;0;0
10:11:30.053;0;0;0;0;1;0;1;1;0;1;1;0;0
10:11:30.176;0;0;0;0;1;0;1;1;0;1;1;0;0
10:11:30.279;0;0;0;0;1;0;1;1;0;1;1;0;0
10:11:30.396;0;0;0;0;1;0;1;1;0;1;1;0;0
10:11:30.491;0;0;0;0;1;0;1;1;0;1;1;0;0
10:11:30.589;0;0;0;0;1;0;1;1;0;1;1;0;0
10:11:30.718;0;0;0;0;1;0;1;1;0;1;1;0;0
10:11:30.842;0;0;0;0;1;0;1;1;0;1;1;0;0
10:11:30.950;0;0;0;0;1;0;1;1;0;1;1;0;0
10:11:31.048;0;0;0;0;1;0;1;1;0;1;1;0;0
10:11:31.148;0;0;0;0;1;0;1;1;0;1;1;0;0
10:11:31.263;0;0;0;0;1;0;1;1;0;1;1;0;0
10:11:31.362;0;0;0;0;1;0;1;1;0;1;1;0;0
10:11:31.491;0;0;0;0;1;0;1;1;0;1;1;0;0
10:11:31.632;0;0;0;0;1;0;1;1;0;1;1;0;0
10:11:31.820;0;0;0;0;1;0;1;1;0;1;1;0;0
10:11:31.928;0;0;0;0;1;0;1;1;0;1;1;0;0
10:11:32.041;0;0;0;0;1;0;1;1;0;1;1;0;0
10:11:32.147;0;0;0;0;1;0;1;1;0;1;1;0;0
10:11:32.271;0;0;0;0;1;0;1;1;0;1;1;0;0
10:11:32.376;0;0;0;0;1;0;1;1;0;1;1;0;0
10:11:32.476;0;0;0;0;1;0;1;1;0;1;1;0;0
10:11:32.616;0;0;0;0;1;0;1;1;0;1;1;0;0
10:11:32.729;0;0;0;0;1;0;1;1;0;1;1;0;0
10:11:32.830;0;0;0;0;1;0;1;1;0;1;1;0;0
10:11:32.945;0;0;0;0;1;0;1;1;0;1;1;0;0
10:11:33.071;0;0;0;0;1;0;1;1;0;1;1;0;0
10:11:33.198;0;0;0;0;1;0;1;1;0;1;1;0;0
10:11:33.336;0;0;0;0;1;0;1;1;0;1;1;0;0
10:11:33.459;0;0;0;0;1;0;1;1;0;1;1;0;0
10:11:33.634;0;0;0;0;1;0;1;1;0;1;1;0;0
10:11:33.733;0;0;0;0;1;0;1;1;0;1;1;0;0
10:11:33.848;0;0;0;0;1;0;1;1;0;1;1;0;0
10:11:33.945;0;0;0;0;1;0;1;1;0;1;1;0;0
10:11:34.086;0;0;0;0;1;0;1;1;0;1;1;0;0
10:11:34.207;0;0;0;0;1;0;1;1;0;1;1;0;0
10:11:34.315;0;0;0;0;1;0;1;1;0;1;1;0;0
10:11:34.470;0;0;0;0;1;0;1;1;0;1;1;0;0
10:11:34.586;0;0;0;0;1;0;1;1;0;1;1;0;0
10:11:34.761;0;0;0;0;1;0;1;1;0;1;1;0;0
10:11:34.886;0;0;0;0;1;0;1;1;0;1;1;0;0
10:11:34.993;0;0;0;0;1;0;1;1;0;1;1;0;0
10:11:35.107;0;0;0;0;1;0;1;1;0;1;1;0;0
10:11:35.225;0;0;0;0;1;0;1;1;0;1;1;0;0
10:11:35.363;0;0;0;0;1;0;1;1;0;1;1;0;0
10:11:35.518;0;0;0;0;1;0;1;1;0;1;1;0;0
10:11:35.616;0;0;0;0;1;0;1;1;0;1;1;0;0
10:11:35.716;0;0;0;0;1;0;1;1;0;1;1;0;0
10:11:35.833;0;0;0;0;1;0;1;1;0;1;1;0;0
10:11:35.931;0;0;0;0;1;0;1;1;0;1;1;0;0
10:11:36.040;0;0;0;0;1;0;1;1;0;1;1;0;0
10:11:36.187;0;0;0;0;1;0;1;1;0;1;1;0;0
10:11:36.321;0;0;0;0;1;0;1;1;0;1;1;0;0
10:11:36.436;0;0;0;0;1;0;1;1;0;1;1;0;0
10:11:36.531;0;0;0;0;1;0;1;1;0;1;1;0;0
10:11:36.656;0;0;0;0;1;0;1;1;0;1;1;0;0
10:11:36.775;0;0;0;0;1;0;1;1;0;1;1;0;0
10:11:36.869;0;0;0;0;1;0;1;1;0;1;1;0;0
10:11:36.963;0;0;0;0;1;0;1;1;0;1;1;0;0
10:11:37.066;0;0;0;0;1;0;1;1;0;1;1;0;0
10:11:37.199;0;0;0;0;1;0;1;1;0;1;1;0;0
10:11:37.327;0;0;0;0;1;0;1;1;0;1;1;0;0
10:11:37.435;0;0;0;0;1;0;1;1;0;1;1;0;0
10:11:37.571;0;0;0;0;1;0;1;1;0;1;1;0;0
10:11:37.687;0;0;0;0;1;0;1;1;0;1;1;0;0
10:11:37.783;0;0;0;0;1;0;1;1;0;1;1;0;0
10:11:37.885;0;0;0;0;1;0;1;1;0;1;1;0;0
10:11:38.013;0;0;0;0;1;0;1;1;0;1;1;0;0
10:11:38.118;0;0;0;0;1;0;1;1;0;1;1;0;0
10:11:38.223;0;0;0;0;1;0;1;1;0;1;1;0;0
10:11:38.338;0;0;0;0;1;0;1;1;0;1;1;0;0
10:11:38.436;0;0;0;0;1;0;1;1;0;1;1;0;0
10:11:38.551;0;0;0;0;1;0;1;1;0;1;1;0;0
10:11:38.647;0;0;0;0;1;0;1;1;0;1;1;0;0
10:11:38.755;0;0;0;0;1;0;1;1;0;1;1;0;0
10:11:38.865;0;0;0;0;1;0;1;1;0;1;1;0;0
10:11:39.015;0;0;0;0;1;0;1;1;0;1;1;0;0
10:11:39.133;0;0;0;0;1;0;1;1;0;1;1;0;0
10:11:39.295;0;0;0;0;1;0;1;1;0;1;1;0;0
10:11:39.463;0;0;0;0;1;0;1;1;0;1;1;0;0
10:11:39.576;0;0;0;0;1;0;1;1;0;1;1;0;0
10:11:39.670;0;0;0;0;1;0;1;1;0;1;1;0;0
10:11:39.787;0;0;0;0;1;0;1;1;0;1;1;0;0
10:11:39.890;0;0;0;0;1;0;1;1;0;1;1;0;0
10:11:39.992;0;0;0;0;1;0;1;1;0;1;1;0;0
10:11:40.113;0;0;0;0;1;0;1;1;0;1;1;0;0
10:11:40.215;0;0;0;0;1;0;1;1;0;1;1;0;0
10:11:40.343;0;0;0;0;1;0;1;1;0;1;1;0;0
10:11:40.460;0;0;0;0;1;0;1;1;0;1;1;0;0
10:11:40.579;0;0;0;0;1;0;1;1;0;1;1;0;0
10:11:40.735;0;0;0;0;1;0;1;1;0;1;1;0;0
10:11:40.924;0;0;0;0;1;0;1;1;0;1;1;0;0
10:11:41.061;0;0;0;0;1;0;1;1;0;1;1;0;0
10:11:41.164;0;0;0;0;1;0;1;1;0;1;1;0;0
10:11:41.279;0;0;0;0;1;0;1;1;0;1;1;0;0
10:11:41.380;0;0;0;0;1;0;1;1;0;1;1;0;0
10:11:41.487;0;0;0;0;1;0;1;1;0;1;1;0;0
10:11:41.600;0;0;0;0;1;0;1;1;0;1;1;0;0
10:11:41.731;0;0;0;0;1;0;1;1;0;1;1;0;0
10:11:41.828;0;0;0;0;1;0;1;1;0;1;1;0;0
10:11:41.949;0;0;0;0;1;0;1;1;0;1;1;0;0
10:11:42.099;0;0;0;0;1;0;1;1;0;1;1;0;0
10:11:42.209;0;0;0;0;1;0;1;1;0;1;1;0;0
10:11:42.320;0;0;0;0;1;0;1;1;0;1;1;0;0
10:11:42.416;0;0;0;0;1;0;1;1;0;1;1;0;0
10:11:42.536;0;0;0;0;1;0;1;1;0;1;1;0;0
10:11:42.635;0;0;0;0;1;0;1;1;0;1;1;0;0
10:11:42.753;0;0;0;0;1;0;1;1;0;1;1;0;0
10:11:42.849;0;0;0;0;1;0;1;1;0;1;1;0;0
10:11:42.962;0;0;0;0;1;0;1;1;0;1;1;0;0
10:11:43.081;0;0;0;0;1;0;1;1;0;1;1;0;0
10:11:43.177;0;0;0;0;1;0;1;1;0;1;1;0;0
10:11:43.276;0;0;0;0;1;0;1;1;0;1;1;0;0
10:11:43.380;0;0;0;0;1;0;1;1;0;1;1;0;0
10:11:43.484;0;0;0;0;1;0;1;1;0;1;1;0;0
10:11:43.587;0;0;0;0;1;0;1;1;0;1;1;0;0
10:11:43.749;0;0;0;0;1;0;1;1;0;1;1;0;0
10:11:43.843;0;0;0;0;1;0;1;1;0;1;1;0;0
10:11:43.957;0;0;0;0;1;0;1;1;0;1;1;0;0
10:11:44.065;0;0;0;0;1;0;1;1;0;1;1;0;0
10:11:44.203;0;0;0;0;1;0;1;1;0;1;1;0;0
10:11:44.361;0;0;0;0;1;0;1;1;0;1;1;0;0
10:11:44.506;0;1;0;0;0;0;0;0;0;0;0;0;0
10:11:44.636;0;1;0;0;0;0;0;0;0;0;0;0;0
10:11:44.789;0;1;0;0;0;0;0;0;0;0;0;0;0
10:11:44.925;0;1;0;0;0;0;0;0;0;0;0;0;0
10:11:45.047;0;1;0;0;0;0;0;0;0;0;0;0;0
10:11:45.149;0;1;0;0;0;0;0;0;0;0;0;0;0
10:11:45.254;0;1;0;0;0;0;0;0;0;0;0;0;0
10:11:45.364;0;1;0;0;0;0;0;0;0;0;0;0;0
10:11:45.493;0;1;0;0;0;0;0;0;0;0;0;0;0
10:11:45.596;0;1;0;0;0;0;0;0;0;0;0;0;0
10:11:45.739;0;1;0;0;0;0;0;0;0;0;0;0;0
10:11:45.888;0;1;0;0;0;0;0;0;0;0;0;0;0
10:11:45.997;0;1;0;0;0;0;0;0;0;0;0;0;0
10:11:46.095;0;1;0;0;0;0;0;0;0;0;0;0;0
10:11:46.214;0;1;0;0;0;0;0;0;0;0;0;0;0
10:11:46.357;0;1;0;0;0;0;0;0;0;0;0;0;0
10:11:46.461;0;1;0;0;0;0;0;0;0;0;0;0;0
10:11:46.614;0;1;0;0;0;0;0;0;0;0;0;0;0
10:11:46.769;0;1;0;0;0;0;0;0;0;0;0;0;0
10:11:46.880;0;1;0;0;0;0;0;0;0;0;0;0;0
10:11:46.985;0;1;0;0;0;0;0;0;0;0;0;0;0
10:11:47.104;0;1;0;0;0;0;0;0;0;0;0;0;0
10:11:47.267;0;0;0;0;0;0;0;0;0;0;0;0;0
10:11:47.409;0;0;0;0;0;0;0;0;0;0;0;0;0
10:11:47.517;0;0;0;0;0;0;0;0;0;0;0;0;0
10:11:47.643;0;0;0;0;0;0;0;0;0;0;0;0;0
10:11:47.746;0;0;0;0;0;0;0;0;0;0;0;0;0
10:11:47.848;0;0;0;0;0;0;0;0;0;0;0;0;0
10:11:47.949;0;0;0;0;0;0;0;0;0;0;0;0;0
10:11:48.079;0;0;0;0;0;0;0;0;0;0;0;0;0
10:11:48.213;0;0;0;0;0;0;0;0;0;0;0;0;0
10:11:48.342;0;0;0;0;0;0;0;0;0;0;0;0;0
10:11:48.454;0;0;0;0;0;0;0;0;0;0;0;0;0
10:11:48.554;0;0;0;0;0;0;0;0;0;0;0;0;0
10:11:48.654;0;0;0;0;0;0;0;0;0;0;0;0;0
10:11:48.779;0;0;0;0;0;0;0;0;0;0;0;0;0
10:11:48.884;0;0;0;0;0;0;0;0;0;0;0;0;0
10:11:49.009;0;0;0;0;0;0;0;0;0;0;0;0;0
10:11:49.113;0;0;0;0;0;0;0;0;0;0;0;0;0
10:11:49.232;0;0;0;0;0;0;0;0;0;0;0;0;0
10:11:49.333;0;0;0;0;0;0;0;0;0;0;0;0;0
10:11:49.451;0;0;0;0;0;0;0;0;0;0;0;0;0
10:11:49.569;0;0;0;0;0;0;0;0;0;0;0;0;0
10:11:49.665;0;0;0;0;0;0;0;0;0;0;0;0;0
10:11:49.777;0;0;0;0;0;0;0;0;0;0;0;0;0
10:11:49.869;0;0;0;0;0;0;0;0;0;0;0;0;0
10:11:50.011;0;0;0;0;0;0;0;0;0;0;0;0;0
10:11:50.137;0;0;0;0;0;0;0;0;0;0;0;0;0
10:11:50.294;0;0;0;0;0;0;0;0;0;0;0;0;0
10:11:50.399;0;0;0;0;0;0;0;0;0;0;0;0;0
10:11:50.495;0;0;0;0;0;0;0;0;0;0;0;0;0
10:11:50.588;0;0;0;0;0;0;0;0;0;0;0;0;0
10:11:50.707;0;0;0;0;0;0;0;0;0;0;0;0;0
10:11:50.813;0;0;0;0;0;0;0;0;0;0;0;0;0
10:11:50.940;0;0;0;0;0;0;0;0;0;0;0;0;0
10:11:51.165;0;0;0;0;0;0;0;0;0;0;0;0;0
10:11:51.298;0;0;0;0;0;0;0;0;0;0;0;0;0
10:11:51.395;0;0;0;0;0;0;0;0;0;0;0;0;0
10:11:51.530;0;0;0;0;0;0;0;0;0;0;0;0;0
10:11:51.638;0;0;0;0;0;0;0;0;0;0;0;0;0
10:11:51.733;0;0;0;0;0;0;0;0;0;0;0;0;0
10:11:51.858;0;0;0;0;0;0;0;0;0;0;0;0;0
10:11:51.980;0;0;0;0;0;0;0;0;0;0;0;0;0
10:11:52.078;0;0;0;0;0;0;0;0;0;0;0;0;0
10:11:52.194;0;0;0;0;0;0;0;0;0;0;0;0;0
10:11:52.294;0;0;0;0;0;0;0;0;0;0;0;0;0
10:11:52.393;0;0;0;0;0;0;0;0;0;0;0;0;0
10:11:52.524;0;0;0;0;0;0;0;0;0;0;0;0;0
10:11:52.631;0;0;0;0;0;0;0;0;0;0;0;0;0
10:11:52.732;0;0;0;0;0;0;0;0;0;0;0;0;0
10:11:52.845;0;0;0;0;0;0;0;0;0;0;0;0;0
10:11:52.966;0;0;0;0;0;0;0;0;0;0;0;0;0
10:11:53.063;0;0;0;0;0;0;0;0;0;0;0;0;0
10:11:53.161;0;0;0;0;0;0;0;0;0;0;0;0;0
10:11:53.260;0;0;0;0;0;0;0;0;0;0;0;0;0
10:11:53.379;0;0;0;0;0;0;0;0;0;0;0;0;0
10:11:53.476;0;0;0;0;0;0;0;0;0;0;0;0;0
10:11:53.574;0;0;0;0;0;0;0;0;0;0;0;0;0
10:11:53.687;0;0;0;0;0;0;0;0;0;0;0;0;0
10:11:53.794;0;0;0;0;0;0;0;0;0;0;0;0;0
10:11:53.891;0;0;0;0;0;0;0;0;0;0;0;0;0
10:11:53.999;0;0;0;0;0;0;0;0;0;0;0;0;0
10:11:54.109;0;0;0;0;0;0;0;0;0;0;0;0;0
10:11:54.240;0;0;0;0;0;0;0;0;0;0;0;0;0
10:11:54.340;0;0;0;0;0;0;0;0;0;0;0;0;0
